seed,trial,correct,action
42,1,true,2
42,2,true,1
42,3,false,2
42,4,false,1
42,5,true,1
42,6,true,2
42,7,false,1
42,8,true,2
42,9,true,2
42,10,true,2
42,11,false,1
42,12,true,2
42,13,false,2
42,14,true,2
42,15,true,1
42,16,true,1
42,17,true,1
42,18,true,1
42,19,false,2
42,20,true,2
42,21,true,1
42,22,true,1
42,23,false,2
42,24,true,2
42,25,false,2
42,26,true,1
42,27,true,1
42,28,true,1
42,29,false,1
42,30,false,2
42,31,true,2
42,32,true,1
42,33,true,2
42,34,false,1
42,35,true,2
42,36,true,1
42,37,true,1
42,38,false,2
42,39,true,2
42,40,true,1
42,41,false,1
42,42,true,1
42,43,false,2
42,44,true,2
42,45,true,1
42,46,false,2
42,47,true,1
42,48,true,2
42,49,false,1
42,50,false,1
42,51,false,2
42,52,true,1
42,53,true,2
42,54,true,2
42,55,true,2
42,56,true,2
42,57,false,2
42,58,false,2
42,59,false,2
42,60,true,1
42,61,false,1
42,62,true,2
42,63,false,1
42,64,true,1
42,65,true,1
42,66,false,1
42,67,true,1
42,68,false,1
42,69,false,1
42,70,true,1
42,71,true,1
42,72,false,1
42,73,false,1
42,74,true,1
42,75,false,2
42,76,false,1
42,77,false,2
42,78,false,2
42,79,true,1
42,80,true,1
42,81,false,1
42,82,true,1
42,83,true,1
42,84,false,1
42,85,true,2
42,86,true,1
42,87,true,1
42,88,true,1
42,89,false,1
42,90,true,1
42,91,false,1
42,92,true,1
42,93,false,1
42,94,true,2
42,95,true,1
42,96,true,2
42,97,false,1
42,98,true,2
42,99,true,1
42,100,true,1
42,101,true,2
42,102,false,1
42,103,true,1
42,104,true,1
42,105,true,2
42,106,false,1
42,107,true,1
42,108,true,1
42,109,true,1
42,110,false,2
42,111,true,1
42,112,true,1
42,113,true,1
42,114,false,1
42,115,true,1
42,116,true,1
42,117,true,1
42,118,false,1
42,119,true,2
42,120,false,1
42,121,true,1
42,122,true,2
42,123,true,1
42,124,true,1
42,125,true,2
42,126,true,2
42,127,true,2
42,128,false,1
42,129,false,1
42,130,true,1
42,131,false,2
42,132,true,1
42,133,true,2
42,134,false,1
42,135,false,1
42,136,false,1
42,137,false,1
42,138,true,1
42,139,false,1
42,140,true,1
42,141,true,2
42,142,true,1
42,143,true,2
42,144,true,2
42,145,true,1
42,146,true,2
42,147,true,1
42,148,true,1
42,149,true,1
42,150,true,2
42,151,true,1
42,152,true,2
42,153,true,1
42,154,true,1
42,155,true,2
42,156,true,1
42,157,true,1
42,158,false,2
42,159,true,1
42,160,false,1
42,161,true,1
42,162,false,1
42,163,false,1
42,164,true,1
42,165,true,1
42,166,true,1
42,167,false,1
42,168,true,2
42,169,false,1
42,170,false,1
42,171,true,1
42,172,false,1
42,173,false,1
42,174,true,1
42,175,true,2
42,176,true,1
42,177,true,2
42,178,false,1
42,179,false,1
42,180,true,2
42,181,false,1
42,182,true,2
42,183,true,1
42,184,true,1
42,185,false,1
42,186,true,1
42,187,true,1
42,188,true,1
42,189,true,1
42,190,true,2
42,191,true,1
42,192,true,1
42,193,true,1
42,194,true,1
42,195,true,1
42,196,true,1
42,197,true,1
42,198,true,1
42,199,true,1
42,200,true,2
42,201,true,1
42,202,false,1
42,203,true,1
42,204,true,2
42,205,true,2
42,206,false,1
42,207,true,2
42,208,false,1
42,209,true,1
42,210,true,2
42,211,true,1
42,212,true,2
42,213,true,1
42,214,false,1
42,215,true,1
42,216,true,1
42,217,true,2
42,218,true,2
42,219,true,2
42,220,false,1
42,221,true,1
42,222,true,1
42,223,true,2
42,224,true,2
42,225,true,2
42,226,true,1
42,227,true,2
42,228,false,1
42,229,true,1
42,230,true,1
42,231,false,2
42,232,true,1
42,233,true,1
42,234,true,2
42,235,true,1
42,236,false,1
42,237,true,2
42,238,true,2
42,239,true,1
42,240,true,1
42,241,true,1
42,242,true,1
42,243,false,1
42,244,false,1
42,245,true,1
42,246,false,1
42,247,false,1
42,248,true,2
42,249,false,1
42,250,true,1
42,251,false,1
42,252,false,1
42,253,true,2
42,254,true,1
42,255,false,1
42,256,true,1
42,257,true,2
42,258,true,1
42,259,true,1
42,260,true,2
42,261,true,1
42,262,true,1
42,263,true,2
42,264,true,2
42,265,true,1
42,266,true,2
42,267,true,1
42,268,true,2
42,269,true,1
42,270,true,1
42,271,true,2
42,272,true,1
42,273,true,1
42,274,true,2
42,275,true,1
42,276,true,1
42,277,true,2
42,278,true,1
42,279,false,1
42,280,false,1
42,281,true,1
42,282,true,1
42,283,true,2
42,284,true,2
42,285,true,2
42,286,true,1
42,287,true,1
42,288,true,1
42,289,true,1
42,290,true,1
42,291,true,1
42,292,true,1
42,293,false,1
42,294,false,1
42,295,true,2
42,296,true,2
42,297,true,2
42,298,true,1
42,299,false,1
42,300,true,2
42,301,true,1
42,302,true,2
42,303,true,1
42,304,true,2
42,305,true,2
42,306,true,1
42,307,false,1
42,308,true,1
42,309,false,1
42,310,false,2
42,311,true,1
42,312,true,2
42,313,true,1
42,314,true,1
42,315,true,2
42,316,true,1
42,317,true,1
42,318,true,2
42,319,true,1
42,320,true,1
42,321,true,2
42,322,true,2
42,323,true,2
42,324,true,1
42,325,true,2
42,326,true,2
42,327,true,1
42,328,true,2
42,329,true,1
42,330,true,1
42,331,true,1
42,332,false,1
42,333,false,1
42,334,true,1
42,335,false,1
42,336,true,2
42,337,true,2
42,338,true,1
42,339,true,1
42,340,true,1
42,341,true,2
42,342,true,1
42,343,false,1
42,344,true,1
42,345,true,1
42,346,true,1
42,347,true,1
42,348,false,1
42,349,true,2
42,350,true,1
42,351,true,1
42,352,true,2
42,353,true,1
42,354,true,1
42,355,true,1
42,356,false,1
42,357,true,2
42,358,true,1
42,359,true,1
42,360,false,2
42,361,true,1
42,362,true,2
42,363,true,2
42,364,false,1
42,365,true,1
42,366,true,2
42,367,true,1
42,368,true,2
42,369,false,1
42,370,true,2
42,371,true,2
42,372,true,1
42,373,true,2
42,374,true,1
42,375,true,1
42,376,true,2
42,377,true,1
42,378,true,1
42,379,false,1
42,380,true,1
42,381,true,2
42,382,true,1
42,383,true,2
42,384,true,1
42,385,false,1
42,386,true,2
42,387,true,2
42,388,true,2
42,389,true,2
42,390,false,1
42,391,true,2
42,392,true,1
42,393,true,1
42,394,true,1
42,395,true,2
42,396,true,1
42,397,true,1
42,398,true,1
42,399,true,1
42,400,true,1
42,401,true,1
42,402,true,1
42,403,true,1
42,404,true,2
42,405,true,2
42,406,true,1
42,407,true,2
42,408,true,1
42,409,true,1
42,410,true,1
42,411,true,1
42,412,true,2
42,413,true,2
42,414,true,1
42,415,true,2
42,416,false,1
42,417,true,1
42,418,true,1
42,419,true,1
42,420,true,1
42,421,true,2
42,422,true,1
42,423,true,1
42,424,true,1
42,425,true,1
42,426,true,2
42,427,true,1
42,428,true,1
42,429,true,1
42,430,false,1
42,431,true,1
42,432,true,2
42,433,true,2
42,434,true,1
42,435,true,1
42,436,true,2
42,437,true,1
42,438,true,1
42,439,true,1
42,440,true,1
42,441,true,1
42,442,false,1
42,443,true,2
42,444,true,2
42,445,true,2
42,446,true,1
42,447,true,2
42,448,true,1
42,449,true,2
42,450,false,1
42,451,true,2
42,452,true,1
42,453,true,1
42,454,false,1
42,455,true,1
42,456,true,1
42,457,true,2
42,458,true,1
42,459,false,1
42,460,true,1
42,461,true,1
42,462,true,2
42,463,true,2
42,464,false,1
42,465,true,2
42,466,true,2
42,467,true,1
42,468,true,2
42,469,false,1
42,470,true,2
42,471,true,2
42,472,true,2
42,473,true,1
42,474,true,1
42,475,false,1
42,476,true,1
42,477,true,2
42,478,true,1
42,479,true,1
42,480,true,2
42,481,true,2
42,482,true,2
42,483,true,2
42,484,true,2
42,485,true,1
42,486,true,1
42,487,false,1
42,488,true,2
42,489,true,1
42,490,true,1
42,491,true,2
42,492,true,1
42,493,true,1
42,494,true,2
42,495,true,2
42,496,true,1
42,497,true,1
42,498,true,1
42,499,true,2
42,500,true,1
42,501,true,2
42,502,true,2
42,503,true,1
42,504,true,2
42,505,true,2
42,506,false,2
42,507,true,1
42,508,true,1
42,509,true,2
42,510,true,1
42,511,true,1
42,512,true,2
42,513,true,2
42,514,false,1
42,515,false,1
42,516,true,2
42,517,true,2
42,518,false,1
42,519,true,2
42,520,true,1
42,521,true,1
42,522,true,1
42,523,true,2
42,524,true,1
42,525,false,2
42,526,false,1
42,527,false,1
42,528,true,1
42,529,true,2
42,530,true,1
42,531,false,1
42,532,true,1
42,533,true,1
42,534,true,2
42,535,true,1
42,536,true,2
42,537,true,1
42,538,true,2
42,539,true,2
42,540,true,1
42,541,true,2
42,542,false,1
42,543,true,1
42,544,true,1
42,545,true,1
42,546,true,1
42,547,true,1
42,548,true,1
42,549,true,1
42,550,true,2
42,551,true,2
42,552,true,2
42,553,true,1
42,554,true,1
42,555,false,1
42,556,true,1
42,557,true,1
42,558,true,2
42,559,true,2
42,560,true,2
42,561,true,2
42,562,true,2
42,563,true,1
42,564,true,1
42,565,false,1
42,566,true,2
42,567,true,1
42,568,true,1
42,569,true,1
42,570,true,2
42,571,true,1
42,572,true,2
42,573,true,2
42,574,true,2
42,575,true,1
42,576,true,1
42,577,true,2
42,578,true,1
42,579,true,2
42,580,true,1
42,581,false,1
42,582,true,2
42,583,true,1
42,584,true,1
42,585,false,1
42,586,true,2
42,587,true,2
42,588,true,2
42,589,true,2
42,590,true,1
42,591,true,1
42,592,true,1
42,593,true,2
42,594,true,2
42,595,false,1
42,596,false,1
42,597,false,1
42,598,true,1
42,599,true,2
42,600,false,1
42,601,true,2
42,602,true,2
42,603,true,2
42,604,true,1
42,605,false,1
42,606,true,2
42,607,true,2
42,608,true,2
42,609,true,2
42,610,true,2
42,611,true,1
42,612,true,1
42,613,true,1
42,614,true,1
42,615,true,2
42,616,true,2
42,617,true,1
42,618,false,1
42,619,false,1
42,620,true,1
42,621,true,2
42,622,true,1
42,623,false,2
42,624,true,1
42,625,true,1
42,626,true,1
42,627,false,1
42,628,true,1
42,629,true,1
42,630,true,1
42,631,true,2
42,632,false,1
42,633,true,2
42,634,true,2
42,635,false,2
42,636,false,1
42,637,true,1
42,638,true,1
42,639,true,2
42,640,true,2
42,641,false,1
42,642,true,2
42,643,false,1
42,644,false,2
42,645,true,1
42,646,false,1
42,647,true,1
42,648,true,1
42,649,true,2
42,650,true,2
42,651,true,2
42,652,false,1
42,653,true,1
42,654,true,2
42,655,true,1
42,656,true,1
42,657,true,1
42,658,true,2
42,659,true,2
42,660,true,1
42,661,true,1
42,662,true,1
42,663,true,1
42,664,true,2
42,665,true,2
42,666,true,2
42,667,true,1
42,668,true,2
42,669,true,1
42,670,false,1
42,671,true,2
42,672,true,1
42,673,true,1
42,674,true,2
42,675,true,2
42,676,true,2
42,677,true,2
42,678,true,1
42,679,true,2
42,680,true,1
42,681,true,2
42,682,true,1
42,683,false,1
42,684,true,2
42,685,true,1
42,686,true,1
42,687,true,1
42,688,true,2
42,689,true,2
42,690,true,2
42,691,true,1
42,692,true,2
42,693,true,2
42,694,true,1
42,695,true,2
42,696,true,1
42,697,true,1
42,698,true,1
42,699,false,1
42,700,true,1
43,1,true,2
43,2,true,1
43,3,true,1
43,4,true,2
43,5,true,1
43,6,false,1
43,7,false,1
43,8,true,2
43,9,true,2
43,10,true,2
43,11,false,1
43,12,true,2
43,13,false,2
43,14,false,1
43,15,false,2
43,16,false,2
43,17,false,2
43,18,true,1
43,19,true,1
43,20,false,1
43,21,false,2
43,22,true,1
43,23,true,1
43,24,true,2
43,25,true,1
43,26,true,1
43,27,true,1
43,28,false,2
43,29,false,1
43,30,true,1
43,31,false,1
43,32,false,2
43,33,false,1
43,34,false,1
43,35,true,2
43,36,false,2
43,37,true,1
43,38,false,2
43,39,true,2
43,40,true,1
43,41,false,1
43,42,false,2
43,43,true,1
43,44,false,1
43,45,true,1
43,46,true,1
43,47,false,2
43,48,false,1
43,49,false,1
43,50,true,2
43,51,true,1
43,52,false,2
43,53,true,2
43,54,true,2
43,55,true,2
43,56,false,1
43,57,true,1
43,58,false,2
43,59,true,1
43,60,false,2
43,61,false,1
43,62,false,1
43,63,true,2
43,64,true,1
43,65,true,1
43,66,false,1
43,67,false,2
43,68,true,2
43,69,false,1
43,70,false,2
43,71,false,2
43,72,true,2
43,73,true,2
43,74,true,1
43,75,false,2
43,76,false,1
43,77,true,1
43,78,true,1
43,79,true,1
43,80,true,1
43,81,true,2
43,82,true,1
43,83,true,1
43,84,true,2
43,85,true,2
43,86,true,1
43,87,true,1
43,88,true,1
43,89,true,2
43,90,false,2
43,91,true,2
43,92,true,1
43,93,true,2
43,94,true,2
43,95,true,1
43,96,false,1
43,97,false,1
43,98,true,2
43,99,true,1
43,100,true,1
43,101,false,1
43,102,false,1
43,103,true,1
43,104,true,1
43,105,true,2
43,106,true,2
43,107,true,1
43,108,true,1
43,109,true,1
43,110,true,1
43,111,true,1
43,112,true,1
43,113,true,1
43,114,true,2
43,115,true,1
43,116,true,1
43,117,true,1
43,118,false,1
43,119,false,1
43,120,false,1
43,121,true,1
43,122,false,1
43,123,true,1
43,124,true,1
43,125,false,1
43,126,false,1
43,127,true,2
43,128,false,1
43,129,false,1
43,130,true,1
43,131,false,2
43,132,true,1
43,133,true,2
43,134,true,2
43,135,false,1
43,136,true,2
43,137,false,1
43,138,true,1
43,139,true,2
43,140,true,1
43,141,false,1
43,142,true,1
43,143,false,1
43,144,false,1
43,145,true,1
43,146,false,1
43,147,true,1
43,148,true,1
43,149,false,2
43,150,true,2
43,151,true,1
43,152,true,2
43,153,true,1
43,154,true,1
43,155,false,1
43,156,true,1
43,157,false,2
43,158,true,1
43,159,true,1
43,160,true,2
43,161,true,1
43,162,true,2
43,163,false,1
43,164,true,1
43,165,true,1
43,166,true,1
43,167,true,2
43,168,false,1
43,169,false,1
43,170,true,2
43,171,true,1
43,172,false,1
43,173,false,1
43,174,true,1
43,175,false,1
43,176,true,1
43,177,true,2
43,178,true,2
43,179,false,1
43,180,true,2
43,181,false,1
43,182,true,2
43,183,true,1
43,184,true,1
43,185,true,2
43,186,true,1
43,187,true,1
43,188,true,1
43,189,true,1
43,190,false,1
43,191,true,1
43,192,true,1
43,193,true,1
43,194,true,1
43,195,true,1
43,196,true,1
43,197,true,1
43,198,true,1
43,199,true,1
43,200,true,2
43,201,true,1
43,202,false,1
43,203,true,1
43,204,true,2
43,205,true,2
43,206,true,2
43,207,false,1
43,208,true,2
43,209,true,1
43,210,true,2
43,211,true,1
43,212,true,2
43,213,true,1
43,214,true,2
43,215,true,1
43,216,true,1
43,217,false,1
43,218,true,2
43,219,true,2
43,220,false,1
43,221,true,1
43,222,true,1
43,223,true,2
43,224,false,1
43,225,false,1
43,226,true,1
43,227,true,2
43,228,false,1
43,229,true,1
43,230,true,1
43,231,true,1
43,232,true,1
43,233,true,1
43,234,false,1
43,235,true,1
43,236,true,2
43,237,true,2
43,238,true,2
43,239,true,1
43,240,true,1
43,241,true,1
43,242,true,1
43,243,false,1
43,244,true,2
43,245,true,1
43,246,true,2
43,247,true,2
43,248,true,2
43,249,true,2
43,250,true,1
43,251,false,1
43,252,true,2
43,253,true,2
43,254,true,1
43,255,true,2
43,256,true,1
43,257,true,2
43,258,true,1
43,259,true,1
43,260,false,1
43,261,true,1
43,262,true,1
43,263,true,2
43,264,true,2
43,265,true,1
43,266,false,1
43,267,true,1
43,268,false,1
43,269,true,1
43,270,true,1
43,271,false,1
43,272,true,1
43,273,true,1
43,274,false,1
43,275,true,1
43,276,true,1
43,277,true,2
43,278,true,1
43,279,false,1
43,280,true,2
43,281,true,1
43,282,true,1
43,283,false,1
43,284,true,2
43,285,true,2
43,286,true,1
43,287,true,1
43,288,true,1
43,289,true,1
43,290,true,1
43,291,true,1
43,292,true,1
43,293,true,2
43,294,false,1
43,295,false,1
43,296,false,1
43,297,false,1
43,298,true,1
43,299,true,2
43,300,false,1
43,301,true,1
43,302,true,2
43,303,true,1
43,304,false,1
43,305,true,2
43,306,true,1
43,307,false,1
43,308,true,1
43,309,true,2
43,310,true,1
43,311,true,1
43,312,true,2
43,313,true,1
43,314,true,1
43,315,false,1
43,316,true,1
43,317,false,2
43,318,true,2
43,319,false,2
43,320,true,1
43,321,false,1
43,322,false,1
43,323,true,2
43,324,true,1
43,325,false,1
43,326,true,2
43,327,true,1
43,328,false,1
43,329,true,1
43,330,true,1
43,331,true,1
43,332,true,2
43,333,true,2
43,334,true,1
43,335,false,1
43,336,true,2
43,337,true,2
43,338,true,1
43,339,true,1
43,340,true,1
43,341,true,2
43,342,true,1
43,343,true,2
43,344,true,1
43,345,true,1
43,346,true,1
43,347,true,1
43,348,false,1
43,349,true,2
43,350,true,1
43,351,true,1
43,352,false,1
43,353,true,1
43,354,true,1
43,355,true,1
43,356,true,2
43,357,false,1
43,358,true,1
43,359,true,1
43,360,true,1
43,361,true,1
43,362,true,2
43,363,true,2
43,364,false,1
43,365,true,1
43,366,false,1
43,367,true,1
43,368,true,2
43,369,false,1
43,370,false,1
43,371,true,2
43,372,true,1
43,373,true,2
43,374,true,1
43,375,true,1
43,376,false,1
43,377,true,1
43,378,true,1
43,379,true,2
43,380,true,1
43,381,true,2
43,382,true,1
43,383,true,2
43,384,true,1
43,385,true,2
43,386,true,2
43,387,true,2
43,388,false,1
43,389,true,2
43,390,false,1
43,391,true,2
43,392,true,1
43,393,true,1
43,394,true,1
43,395,false,1
43,396,true,1
43,397,true,1
43,398,true,1
43,399,true,1
43,400,true,1
43,401,true,1
43,402,true,1
43,403,true,1
43,404,true,2
43,405,true,2
43,406,true,1
43,407,true,2
43,408,true,1
43,409,true,1
43,410,true,1
43,411,true,1
43,412,true,2
43,413,false,1
43,414,true,1
43,415,true,2
43,416,true,2
43,417,true,1
43,418,true,1
43,419,true,1
43,420,true,1
43,421,false,1
43,422,true,1
43,423,true,1
43,424,true,1
43,425,true,1
43,426,true,2
43,427,true,1
43,428,true,1
43,429,true,1
43,430,true,2
43,431,true,1
43,432,false,1
43,433,true,2
43,434,true,1
43,435,true,1
43,436,false,1
43,437,true,1
43,438,true,1
43,439,false,2
43,440,true,1
43,441,true,1
43,442,true,2
43,443,true,2
43,444,false,1
43,445,true,2
43,446,true,1
43,447,true,2
43,448,true,1
43,449,false,1
43,450,false,1
43,451,false,1
43,452,true,1
43,453,true,1
43,454,true,2
43,455,true,1
43,456,true,1
43,457,true,2
43,458,true,1
43,459,true,2
43,460,true,1
43,461,true,1
43,462,true,2
43,463,true,2
43,464,true,2
43,465,false,1
43,466,false,1
43,467,true,1
43,468,true,2
43,469,true,2
43,470,false,1
43,471,false,1
43,472,true,2
43,473,true,1
43,474,true,1
43,475,false,1
43,476,true,1
43,477,false,1
43,478,true,1
43,479,false,2
43,480,true,2
43,481,true,2
43,482,true,2
43,483,false,1
43,484,false,1
43,485,true,1
43,486,true,1
43,487,false,1
43,488,true,2
43,489,false,2
43,490,true,1
43,491,true,2
43,492,true,1
43,493,false,2
43,494,true,2
43,495,true,2
43,496,true,1
43,497,true,1
43,498,true,1
43,499,true,2
43,500,true,1
43,501,true,2
43,502,false,1
43,503,true,1
43,504,true,2
43,505,false,1
43,506,true,1
43,507,true,1
43,508,true,1
43,509,true,2
43,510,true,1
43,511,true,1
43,512,true,2
43,513,true,2
43,514,true,2
43,515,true,2
43,516,false,1
43,517,true,2
43,518,false,1
43,519,true,2
43,520,true,1
43,521,true,1
43,522,true,1
43,523,true,2
43,524,true,1
43,525,true,1
43,526,true,2
43,527,false,1
43,528,true,1
43,529,true,2
43,530,true,1
43,531,false,1
43,532,true,1
43,533,true,1
43,534,true,2
43,535,true,1
43,536,true,2
43,537,true,1
43,538,true,2
43,539,true,2
43,540,true,1
43,541,true,2
43,542,false,1
43,543,true,1
43,544,true,1
43,545,true,1
43,546,true,1
43,547,true,1
43,548,true,1
43,549,true,1
43,550,true,2
43,551,false,1
43,552,true,2
43,553,true,1
43,554,true,1
43,555,false,1
43,556,true,1
43,557,true,1
43,558,true,2
43,559,true,2
43,560,false,1
43,561,false,1
43,562,false,1
43,563,true,1
43,564,true,1
43,565,true,2
43,566,true,2
43,567,true,1
43,568,true,1
43,569,true,1
43,570,true,2
43,571,true,1
43,572,false,1
43,573,true,2
43,574,true,2
43,575,true,1
43,576,true,1
43,577,false,1
43,578,true,1
43,579,true,2
43,580,true,1
43,581,true,2
43,582,false,1
43,583,true,1
43,584,true,1
43,585,false,1
43,586,true,2
43,587,true,2
43,588,true,2
43,589,true,2
43,590,true,1
43,591,true,1
43,592,true,1
43,593,false,1
43,594,false,1
43,595,false,1
43,596,true,2
43,597,true,2
43,598,true,1
43,599,true,2
43,600,true,2
43,601,true,2
43,602,true,2
43,603,true,2
43,604,true,1
43,605,true,2
43,606,true,2
43,607,true,2
43,608,true,2
43,609,false,1
43,610,true,2
43,611,true,1
43,612,true,1
43,613,true,1
43,614,true,1
43,615,true,2
43,616,true,2
43,617,true,1
43,618,true,2
43,619,true,2
43,620,true,1
43,621,true,2
43,622,true,1
43,623,true,1
43,624,true,1
43,625,true,1
43,626,true,1
43,627,true,2
43,628,true,1
43,629,true,1
43,630,true,1
43,631,true,2
43,632,true,2
43,633,true,2
43,634,true,2
43,635,false,2
43,636,true,2
43,637,true,1
43,638,true,1
43,639,true,2
43,640,false,1
43,641,true,2
43,642,true,2
43,643,true,2
43,644,true,1
43,645,true,1
43,646,true,2
43,647,true,1
43,648,true,1
43,649,false,1
43,650,false,1
43,651,false,1
43,652,false,1
43,653,true,1
43,654,false,1
43,655,true,1
43,656,true,1
43,657,true,1
43,658,true,2
43,659,true,2
43,660,true,1
43,661,true,1
43,662,true,1
43,663,true,1
43,664,false,1
43,665,true,2
43,666,true,2
43,667,true,1
43,668,true,2
43,669,true,1
43,670,false,1
43,671,true,2
43,672,true,1
43,673,true,1
43,674,true,2
43,675,true,2
43,676,true,2
43,677,false,1
43,678,true,1
43,679,true,2
43,680,true,1
43,681,false,1
43,682,true,1
43,683,true,2
43,684,true,2
43,685,true,1
43,686,true,1
43,687,true,1
43,688,true,2
43,689,true,2
43,690,true,2
43,691,false,2
43,692,true,2
43,693,true,2
43,694,true,1
43,695,false,1
43,696,true,1
43,697,true,1
43,698,true,1
43,699,true,2
43,700,false,2
44,1,false,1
44,2,true,1
44,3,true,1
44,4,true,2
44,5,true,1
44,6,true,2
44,7,true,2
44,8,false,1
44,9,false,1
44,10,true,2
44,11,true,2
44,12,true,2
44,13,false,2
44,14,false,1
44,15,false,2
44,16,false,2
44,17,false,2
44,18,false,2
44,19,false,2
44,20,false,1
44,21,false,2
44,22,true,1
44,23,true,1
44,24,false,1
44,25,true,1
44,26,true,1
44,27,false,2
44,28,false,2
44,29,false,1
44,30,false,2
44,31,true,2
44,32,false,2
44,33,true,2
44,34,true,2
44,35,true,2
44,36,false,2
44,37,true,1
44,38,true,1
44,39,true,2
44,40,false,2
44,41,true,2
44,42,true,1
44,43,true,1
44,44,true,2
44,45,false,2
44,46,true,1
44,47,false,2
44,48,true,2
44,49,false,1
44,50,true,2
44,51,false,2
44,52,true,1
44,53,false,1
44,54,true,2
44,55,true,2
44,56,false,1
44,57,false,2
44,58,false,2
44,59,true,1
44,60,true,1
44,61,true,2
44,62,false,1
44,63,true,2
44,64,false,2
44,65,false,2
44,66,false,1
44,67,true,1
44,68,false,1
44,69,false,1
44,70,true,1
44,71,false,2
44,72,false,1
44,73,true,2
44,74,false,2
44,75,true,1
44,76,true,2
44,77,true,1
44,78,true,1
44,79,true,1
44,80,true,1
44,81,false,1
44,82,true,1
44,83,true,1
44,84,true,2
44,85,false,1
44,86,true,1
44,87,true,1
44,88,true,1
44,89,true,2
44,90,true,1
44,91,true,2
44,92,true,1
44,93,true,2
44,94,true,2
44,95,true,1
44,96,false,1
44,97,false,1
44,98,false,1
44,99,true,1
44,100,true,1
44,101,true,2
44,102,false,1
44,103,true,1
44,104,true,1
44,105,false,1
44,106,true,2
44,107,true,1
44,108,true,1
44,109,true,1
44,110,true,1
44,111,true,1
44,112,true,1
44,113,true,1
44,114,false,1
44,115,false,2
44,116,false,2
44,117,true,1
44,118,false,1
44,119,true,2
44,120,false,1
44,121,true,1
44,122,false,1
44,123,true,1
44,124,true,1
44,125,true,2
44,126,false,1
44,127,false,1
44,128,false,1
44,129,false,1
44,130,true,1
44,131,true,1
44,132,true,1
44,133,true,2
44,134,true,2
44,135,true,2
44,136,true,2
44,137,false,1
44,138,true,1
44,139,true,2
44,140,true,1
44,141,true,2
44,142,true,1
44,143,false,1
44,144,true,2
44,145,false,2
44,146,false,1
44,147,true,1
44,148,false,2
44,149,true,1
44,150,false,1
44,151,true,1
44,152,true,2
44,153,true,1
44,154,true,1
44,155,true,2
44,156,true,1
44,157,true,1
44,158,true,1
44,159,true,1
44,160,false,1
44,161,true,1
44,162,false,1
44,163,false,1
44,164,true,1
44,165,true,1
44,166,true,1
44,167,false,1
44,168,false,1
44,169,true,2
44,170,true,2
44,171,true,1
44,172,true,2
44,173,false,1
44,174,true,1
44,175,false,1
44,176,true,1
44,177,true,2
44,178,false,1
44,179,false,1
44,180,true,2
44,181,false,1
44,182,false,1
44,183,true,1
44,184,true,1
44,185,false,1
44,186,true,1
44,187,true,1
44,188,true,1
44,189,true,1
44,190,false,1
44,191,false,2
44,192,false,2
44,193,false,2
44,194,true,1
44,195,false,2
44,196,true,1
44,197,true,1
44,198,true,1
44,199,true,1
44,200,true,2
44,201,true,1
44,202,false,1
44,203,true,1
44,204,false,1
44,205,false,1
44,206,false,1
44,207,false,1
44,208,false,1
44,209,true,1
44,210,false,1
44,211,true,1
44,212,true,2
44,213,true,1
44,214,false,1
44,215,true,1
44,216,true,1
44,217,true,2
44,218,true,2
44,219,true,2
44,220,false,1
44,221,true,1
44,222,true,1
44,223,false,1
44,224,true,2
44,225,true,2
44,226,true,1
44,227,false,1
44,228,false,1
44,229,true,1
44,230,true,1
44,231,true,1
44,232,true,1
44,233,true,1
44,234,false,1
44,235,true,1
44,236,false,1
44,237,false,1
44,238,true,2
44,239,true,1
44,240,true,1
44,241,true,1
44,242,true,1
44,243,true,2
44,244,false,1
44,245,true,1
44,246,true,2
44,247,false,1
44,248,false,1
44,249,false,1
44,250,true,1
44,251,false,1
44,252,true,2
44,253,false,1
44,254,true,1
44,255,false,1
44,256,true,1
44,257,false,1
44,258,true,1
44,259,true,1
44,260,true,2
44,261,true,1
44,262,false,2
44,263,true,2
44,264,false,1
44,265,true,1
44,266,true,2
44,267,true,1
44,268,false,1
44,269,true,1
44,270,true,1
44,271,false,1
44,272,true,1
44,273,true,1
44,274,false,1
44,275,true,1
44,276,true,1
44,277,true,2
44,278,true,1
44,279,false,1
44,280,true,2
44,281,true,1
44,282,true,1
44,283,false,1
44,284,true,2
44,285,true,2
44,286,true,1
44,287,true,1
44,288,true,1
44,289,true,1
44,290,true,1
44,291,true,1
44,292,true,1
44,293,true,2
44,294,false,1
44,295,false,1
44,296,true,2
44,297,false,1
44,298,false,2
44,299,false,1
44,300,true,2
44,301,true,1
44,302,true,2
44,303,true,1
44,304,false,1
44,305,false,1
44,306,true,1
44,307,false,1
44,308,true,1
44,309,true,2
44,310,false,2
44,311,true,1
44,312,false,1
44,313,true,1
44,314,true,1
44,315,true,2
44,316,true,1
44,317,true,1
44,318,false,1
44,319,false,2
44,320,true,1
44,321,false,1
44,322,true,2
44,323,false,1
44,324,true,1
44,325,false,1
44,326,true,2
44,327,true,1
44,328,false,1
44,329,true,1
44,330,true,1
44,331,true,1
44,332,false,1
44,333,false,1
44,334,true,1
44,335,false,1
44,336,true,2
44,337,true,2
44,338,true,1
44,339,true,1
44,340,true,1
44,341,true,2
44,342,true,1
44,343,false,1
44,344,true,1
44,345,true,1
44,346,true,1
44,347,true,1
44,348,true,2
44,349,false,1
44,350,true,1
44,351,true,1
44,352,false,1
44,353,true,1
44,354,true,1
44,355,true,1
44,356,true,2
44,357,true,2
44,358,true,1
44,359,true,1
44,360,true,1
44,361,true,1
44,362,false,1
44,363,true,2
44,364,false,1
44,365,false,2
44,366,true,2
44,367,true,1
44,368,true,2
44,369,false,1
44,370,true,2
44,371,false,1
44,372,true,1
44,373,true,2
44,374,true,1
44,375,true,1
44,376,false,1
44,377,true,1
44,378,true,1
44,379,true,2
44,380,true,1
44,381,false,1
44,382,true,1
44,383,false,1
44,384,true,1
44,385,false,1
44,386,true,2
44,387,true,2
44,388,true,2
44,389,false,1
44,390,true,2
44,391,false,1
44,392,true,1
44,393,true,1
44,394,true,1
44,395,false,1
44,396,true,1
44,397,true,1
44,398,false,2
44,399,true,1
44,400,true,1
44,401,true,1
44,402,true,1
44,403,true,1
44,404,false,1
44,405,false,1
44,406,true,1
44,407,true,2
44,408,true,1
44,409,true,1
44,410,true,1
44,411,true,1
44,412,true,2
44,413,false,1
44,414,true,1
44,415,true,2
44,416,true,2
44,417,true,1
44,418,true,1
44,419,true,1
44,420,true,1
44,421,false,1
44,422,true,1
44,423,true,1
44,424,true,1
44,425,true,1
44,426,false,1
44,427,true,1
44,428,true,1
44,429,true,1
44,430,false,1
44,431,true,1
44,432,false,1
44,433,false,1
44,434,true,1
44,435,true,1
44,436,false,1
44,437,true,1
44,438,true,1
44,439,false,2
44,440,true,1
44,441,true,1
44,442,true,2
44,443,false,1
44,444,false,1
44,445,true,2
44,446,true,1
44,447,true,2
44,448,true,1
44,449,false,1
44,450,false,1
44,451,true,2
44,452,true,1
44,453,true,1
44,454,true,2
44,455,true,1
44,456,false,2
44,457,false,1
44,458,true,1
44,459,false,1
44,460,true,1
44,461,true,1
44,462,false,1
44,463,true,2
44,464,true,2
44,465,true,2
44,466,true,2
44,467,true,1
44,468,true,2
44,469,false,1
44,470,true,2
44,471,true,2
44,472,false,1
44,473,true,1
44,474,true,1
44,475,false,1
44,476,false,2
44,477,false,1
44,478,true,1
44,479,true,1
44,480,true,2
44,481,true,2
44,482,false,1
44,483,false,1
44,484,false,1
44,485,true,1
44,486,true,1
44,487,true,2
44,488,true,2
44,489,false,2
44,490,true,1
44,491,false,1
44,492,true,1
44,493,false,2
44,494,false,1
44,495,true,2
44,496,true,1
44,497,true,1
44,498,true,1
44,499,true,2
44,500,true,1
44,501,true,2
44,502,false,1
44,503,true,1
44,504,true,2
44,505,false,1
44,506,true,1
44,507,true,1
44,508,false,2
44,509,true,2
44,510,false,2
44,511,true,1
44,512,false,1
44,513,false,1
44,514,true,2
44,515,true,2
44,516,false,1
44,517,true,2
44,518,true,2
44,519,true,2
44,520,false,2
44,521,true,1
44,522,true,1
44,523,true,2
44,524,true,1
44,525,true,1
44,526,true,2
44,527,false,1
44,528,true,1
44,529,false,1
44,530,true,1
44,531,false,1
44,532,true,1
44,533,true,1
44,534,true,2
44,535,true,1
44,536,true,2
44,537,true,1
44,538,false,1
44,539,false,1
44,540,true,1
44,541,false,1
44,542,true,2
44,543,true,1
44,544,true,1
44,545,true,1
44,546,true,1
44,547,true,1
44,548,true,1
44,549,true,1
44,550,true,2
44,551,false,1
44,552,false,1
44,553,true,1
44,554,true,1
44,555,false,1
44,556,true,1
44,557,true,1
44,558,false,1
44,559,false,1
44,560,false,1
44,561,true,2
44,562,false,1
44,563,true,1
44,564,true,1
44,565,false,1
44,566,true,2
44,567,true,1
44,568,true,1
44,569,true,1
44,570,true,2
44,571,true,1
44,572,false,1
44,573,true,2
44,574,true,2
44,575,true,1
44,576,true,1
44,577,false,1
44,578,true,1
44,579,false,1
44,580,true,1
44,581,true,2
44,582,true,2
44,583,true,1
44,584,true,1
44,585,false,1
44,586,false,1
44,587,true,2
44,588,false,1
44,589,true,2
44,590,true,1
44,591,true,1
44,592,true,1
44,593,true,2
44,594,true,2
44,595,false,1
44,596,false,1
44,597,false,1
44,598,false,2
44,599,true,2
44,600,true,2
44,601,true,2
44,602,false,1
44,603,false,1
44,604,true,1
44,605,false,1
44,606,false,1
44,607,false,1
44,608,true,2
44,609,true,2
44,610,false,1
44,611,true,1
44,612,true,1
44,613,true,1
44,614,true,1
44,615,false,1
44,616,true,2
44,617,true,1
44,618,true,2
44,619,false,1
44,620,true,1
44,621,true,2
44,622,true,1
44,623,true,1
44,624,true,1
44,625,true,1
44,626,true,1
44,627,false,1
44,628,true,1
44,629,true,1
44,630,true,1
44,631,true,2
44,632,false,1
44,633,false,1
44,634,true,2
44,635,true,1
44,636,true,2
44,637,true,1
44,638,true,1
44,639,true,2
44,640,true,2
44,641,false,1
44,642,true,2
44,643,true,2
44,644,true,1
44,645,true,1
44,646,true,2
44,647,true,1
44,648,true,1
44,649,true,2
44,650,false,1
44,651,false,1
44,652,false,1
44,653,false,2
44,654,false,1
44,655,true,1
44,656,true,1
44,657,true,1
44,658,true,2
44,659,true,2
44,660,true,1
44,661,true,1
44,662,true,1
44,663,false,2
44,664,true,2
44,665,true,2
44,666,true,2
44,667,false,2
44,668,true,2
44,669,true,1
44,670,false,1
44,671,true,2
44,672,true,1
44,673,true,1
44,674,true,2
44,675,false,1
44,676,true,2
44,677,false,1
44,678,true,1
44,679,true,2
44,680,true,1
44,681,false,1
44,682,true,1
44,683,false,1
44,684,true,2
44,685,true,1
44,686,true,1
44,687,true,1
44,688,true,2
44,689,true,2
44,690,true,2
44,691,true,1
44,692,false,1
44,693,true,2
44,694,true,1
44,695,false,1
44,696,true,1
44,697,true,1
44,698,false,2
44,699,false,1
44,700,true,1
45,1,true,2
45,2,false,2
45,3,false,2
45,4,false,1
45,5,false,2
45,6,true,2
45,7,false,1
45,8,false,1
45,9,false,1
45,10,true,2
45,11,false,1
45,12,true,2
45,13,false,2
45,14,false,1
45,15,false,2
45,16,false,2
45,17,false,2
45,18,false,2
45,19,true,1
45,20,false,1
45,21,true,1
45,22,true,1
45,23,false,2
45,24,false,1
45,25,true,1
45,26,true,1
45,27,true,1
45,28,false,2
45,29,false,1
45,30,true,1
45,31,false,1
45,32,false,2
45,33,true,2
45,34,false,1
45,35,true,2
45,36,false,2
45,37,true,1
45,38,false,2
45,39,true,2
45,40,false,2
45,41,false,1
45,42,true,1
45,43,false,2
45,44,false,1
45,45,true,1
45,46,true,1
45,47,false,2
45,48,true,2
45,49,true,2
45,50,false,1
45,51,true,1
45,52,false,2
45,53,false,1
45,54,false,1
45,55,true,2
45,56,false,1
45,57,false,2
45,58,false,2
45,59,true,1
45,60,true,1
45,61,false,1
45,62,true,2
45,63,false,1
45,64,false,2
45,65,false,2
45,66,true,2
45,67,true,1
45,68,true,2
45,69,false,1
45,70,true,1
45,71,false,2
45,72,true,2
45,73,true,2
45,74,true,1
45,75,true,1
45,76,false,1
45,77,true,1
45,78,true,1
45,79,false,2
45,80,false,2
45,81,false,1
45,82,false,2
45,83,true,1
45,84,true,2
45,85,false,1
45,86,false,2
45,87,false,2
45,88,false,2
45,89,true,2
45,90,true,1
45,91,true,2
45,92,true,1
45,93,true,2
45,94,true,2
45,95,true,1
45,96,true,2
45,97,true,2
45,98,false,1
45,99,false,2
45,100,true,1
45,101,true,2
45,102,false,1
45,103,true,1
45,104,true,1
45,105,false,1
45,106,false,1
45,107,true,1
45,108,true,1
45,109,true,1
45,110,true,1
45,111,false,2
45,112,true,1
45,113,true,1
45,114,true,2
45,115,false,2
45,116,true,1
45,117,true,1
45,118,false,1
45,119,true,2
45,120,false,1
45,121,true,1
45,122,false,1
45,123,true,1
45,124,true,1
45,125,false,1
45,126,false,1
45,127,false,1
45,128,true,2
45,129,false,1
45,130,true,1
45,131,false,2
45,132,true,1
45,133,false,1
45,134,true,2
45,135,false,1
45,136,true,2
45,137,true,2
45,138,true,1
45,139,true,2
45,140,false,2
45,141,true,2
45,142,false,2
45,143,true,2
45,144,false,1
45,145,true,1
45,146,true,2
45,147,true,1
45,148,true,1
45,149,true,1
45,150,false,1
45,151,true,1
45,152,true,2
45,153,true,1
45,154,true,1
45,155,false,1
45,156,true,1
45,157,true,1
45,158,true,1
45,159,true,1
45,160,false,1
45,161,true,1
45,162,false,1
45,163,true,2
45,164,true,1
45,165,true,1
45,166,true,1
45,167,false,1
45,168,true,2
45,169,false,1
45,170,false,1
45,171,true,1
45,172,false,1
45,173,true,2
45,174,true,1
45,175,false,1
45,176,true,1
45,177,true,2
45,178,true,2
45,179,true,2
45,180,true,2
45,181,true,2
45,182,true,2
45,183,true,1
45,184,true,1
45,185,true,2
45,186,true,1
45,187,true,1
45,188,true,1
45,189,true,1
45,190,false,1
45,191,true,1
45,192,true,1
45,193,true,1
45,194,true,1
45,195,true,1
45,196,true,1
45,197,true,1
45,198,true,1
45,199,true,1
45,200,false,1
45,201,true,1
45,202,true,2
45,203,true,1
45,204,false,1
45,205,false,1
45,206,true,2
45,207,true,2
45,208,true,2
45,209,true,1
45,210,true,2
45,211,true,1
45,212,true,2
45,213,true,1
45,214,true,2
45,215,true,1
45,216,true,1
45,217,false,1
45,218,false,1
45,219,false,1
45,220,true,2
45,221,true,1
45,222,true,1
45,223,true,2
45,224,true,2
45,225,false,1
45,226,true,1
45,227,true,2
45,228,true,2
45,229,true,1
45,230,true,1
45,231,true,1
45,232,true,1
45,233,true,1
45,234,false,1
45,235,true,1
45,236,false,1
45,237,true,2
45,238,false,1
45,239,true,1
45,240,true,1
45,241,true,1
45,242,true,1
45,243,false,1
45,244,true,2
45,245,true,1
45,246,true,2
45,247,true,2
45,248,true,2
45,249,true,2
45,250,true,1
45,251,false,1
45,252,false,1
45,253,false,1
45,254,true,1
45,255,true,2
45,256,true,1
45,257,true,2
45,258,true,1
45,259,true,1
45,260,true,2
45,261,true,1
45,262,true,1
45,263,false,1
45,264,true,2
45,265,true,1
45,266,false,1
45,267,true,1
45,268,false,1
45,269,true,1
45,270,true,1
45,271,true,2
45,272,true,1
45,273,true,1
45,274,false,1
45,275,true,1
45,276,true,1
45,277,false,1
45,278,true,1
45,279,true,2
45,280,true,2
45,281,true,1
45,282,true,1
45,283,true,2
45,284,true,2
45,285,true,2
45,286,true,1
45,287,true,1
45,288,true,1
45,289,true,1
45,290,true,1
45,291,true,1
45,292,true,1
45,293,true,2
45,294,false,1
45,295,true,2
45,296,true,2
45,297,false,1
45,298,true,1
45,299,false,1
45,300,true,2
45,301,true,1
45,302,true,2
45,303,true,1
45,304,true,2
45,305,true,2
45,306,true,1
45,307,true,2
45,308,true,1
45,309,false,1
45,310,true,1
45,311,true,1
45,312,true,2
45,313,true,1
45,314,true,1
45,315,false,1
45,316,true,1
45,317,true,1
45,318,true,2
45,319,false,2
45,320,true,1
45,321,true,2
45,322,false,1
45,323,true,2
45,324,true,1
45,325,true,2
45,326,false,1
45,327,true,1
45,328,true,2
45,329,true,1
45,330,true,1
45,331,false,2
45,332,true,2
45,333,true,2
45,334,true,1
45,335,false,1
45,336,false,1
45,337,true,2
45,338,true,1
45,339,true,1
45,340,true,1
45,341,false,1
45,342,true,1
45,343,false,1
45,344,true,1
45,345,true,1
45,346,true,1
45,347,true,1
45,348,false,1
45,349,true,2
45,350,true,1
45,351,true,1
45,352,true,2
45,353,true,1
45,354,true,1
45,355,true,1
45,356,true,2
45,357,true,2
45,358,true,1
45,359,true,1
45,360,false,2
45,361,true,1
45,362,false,1
45,363,true,2
45,364,false,1
45,365,true,1
45,366,false,1
45,367,true,1
45,368,true,2
45,369,false,1
45,370,true,2
45,371,false,1
45,372,true,1
45,373,false,1
45,374,true,1
45,375,true,1
45,376,true,2
45,377,true,1
45,378,true,1
45,379,true,2
45,380,true,1
45,381,true,2
45,382,true,1
45,383,true,2
45,384,true,1
45,385,true,2
45,386,true,2
45,387,false,1
45,388,true,2
45,389,true,2
45,390,true,2
45,391,true,2
45,392,true,1
45,393,true,1
45,394,true,1
45,395,true,2
45,396,true,1
45,397,true,1
45,398,true,1
45,399,true,1
45,400,true,1
45,401,true,1
45,402,true,1
45,403,true,1
45,404,true,2
45,405,true,2
45,406,true,1
45,407,true,2
45,408,true,1
45,409,true,1
45,410,true,1
45,411,true,1
45,412,false,1
45,413,true,2
45,414,true,1
45,415,false,1
45,416,false,1
45,417,true,1
45,418,true,1
45,419,true,1
45,420,true,1
45,421,true,2
45,422,true,1
45,423,true,1
45,424,true,1
45,425,true,1
45,426,true,2
45,427,true,1
45,428,true,1
45,429,true,1
45,430,false,1
45,431,true,1
45,432,true,2
45,433,true,2
45,434,true,1
45,435,true,1
45,436,true,2
45,437,true,1
45,438,true,1
45,439,true,1
45,440,true,1
45,441,true,1
45,442,true,2
45,443,true,2
45,444,true,2
45,445,false,1
45,446,true,1
45,447,true,2
45,448,true,1
45,449,false,1
45,450,true,2
45,451,false,1
45,452,true,1
45,453,true,1
45,454,false,1
45,455,true,1
45,456,true,1
45,457,true,2
45,458,true,1
45,459,false,1
45,460,true,1
45,461,true,1
45,462,true,2
45,463,true,2
45,464,false,1
45,465,true,2
45,466,true,2
45,467,true,1
45,468,true,2
45,469,true,2
45,470,false,1
45,471,false,1
45,472,true,2
45,473,false,2
45,474,true,1
45,475,true,2
45,476,true,1
45,477,false,1
45,478,false,2
45,479,true,1
45,480,false,1
45,481,true,2
45,482,true,2
45,483,true,2
45,484,true,2
45,485,true,1
45,486,true,1
45,487,true,2
45,488,true,2
45,489,true,1
45,490,true,1
45,491,true,2
45,492,true,1
45,493,true,1
45,494,false,1
45,495,true,2
45,496,true,1
45,497,true,1
45,498,true,1
45,499,true,2
45,500,true,1
45,501,true,2
45,502,true,2
45,503,true,1
45,504,true,2
45,505,false,1
45,506,true,1
45,507,true,1
45,508,true,1
45,509,true,2
45,510,true,1
45,511,true,1
45,512,true,2
45,513,true,2
45,514,true,2
45,515,false,1
45,516,true,2
45,517,true,2
45,518,true,2
45,519,false,1
45,520,true,1
45,521,true,1
45,522,true,1
45,523,true,2
45,524,true,1
45,525,true,1
45,526,false,1
45,527,true,2
45,528,false,2
45,529,false,1
45,530,true,1
45,531,true,2
45,532,true,1
45,533,true,1
45,534,true,2
45,535,true,1
45,536,false,1
45,537,true,1
45,538,true,2
45,539,false,1
45,540,true,1
45,541,true,2
45,542,false,1
45,543,true,1
45,544,true,1
45,545,true,1
45,546,true,1
45,547,true,1
45,548,true,1
45,549,true,1
45,550,true,2
45,551,true,2
45,552,false,1
45,553,true,1
45,554,true,1
45,555,false,1
45,556,true,1
45,557,true,1
45,558,true,2
45,559,true,2
45,560,true,2
45,561,true,2
45,562,true,2
45,563,true,1
45,564,true,1
45,565,true,2
45,566,true,2
45,567,true,1
45,568,true,1
45,569,true,1
45,570,false,1
45,571,true,1
45,572,true,2
45,573,false,1
45,574,true,2
45,575,true,1
45,576,true,1
45,577,true,2
45,578,true,1
45,579,true,2
45,580,true,1
45,581,true,2
45,582,true,2
45,583,true,1
45,584,true,1
45,585,true,2
45,586,true,2
45,587,false,1
45,588,true,2
45,589,true,2
45,590,true,1
45,591,true,1
45,592,true,1
45,593,true,2
45,594,true,2
45,595,false,1
45,596,true,2
45,597,true,2
45,598,true,1
45,599,true,2
45,600,true,2
45,601,true,2
45,602,true,2
45,603,false,1
45,604,true,1
45,605,true,2
45,606,true,2
45,607,true,2
45,608,true,2
45,609,true,2
45,610,true,2
45,611,true,1
45,612,true,1
45,613,false,2
45,614,true,1
45,615,true,2
45,616,true,2
45,617,true,1
45,618,true,2
45,619,true,2
45,620,true,1
45,621,true,2
45,622,true,1
45,623,true,1
45,624,false,2
45,625,true,1
45,626,true,1
45,627,false,1
45,628,true,1
45,629,true,1
45,630,true,1
45,631,true,2
45,632,false,1
45,633,true,2
45,634,true,2
45,635,true,1
45,636,true,2
45,637,true,1
45,638,true,1
45,639,true,2
45,640,true,2
45,641,false,1
45,642,true,2
45,643,true,2
45,644,false,2
45,645,true,1
45,646,true,2
45,647,true,1
45,648,true,1
45,649,true,2
45,650,true,2
45,651,false,1
45,652,true,2
45,653,true,1
45,654,false,1
45,655,true,1
45,656,true,1
45,657,true,1
45,658,true,2
45,659,false,1
45,660,true,1
45,661,true,1
45,662,true,1
45,663,true,1
45,664,true,2
45,665,true,2
45,666,true,2
45,667,true,1
45,668,true,2
45,669,true,1
45,670,false,1
45,671,true,2
45,672,true,1
45,673,true,1
45,674,true,2
45,675,true,2
45,676,true,2
45,677,true,2
45,678,true,1
45,679,true,2
45,680,true,1
45,681,false,1
45,682,true,1
45,683,true,2
45,684,true,2
45,685,true,1
45,686,true,1
45,687,true,1
45,688,true,2
45,689,true,2
45,690,false,1
45,691,true,1
45,692,true,2
45,693,true,2
45,694,true,1
45,695,true,2
45,696,true,1
45,697,true,1
45,698,true,1
45,699,true,2
45,700,true,1
46,1,false,1
46,2,true,1
46,3,true,1
46,4,false,1
46,5,true,1
46,6,false,1
46,7,false,1
46,8,false,1
46,9,false,1
46,10,true,2
46,11,true,2
46,12,true,2
46,13,true,1
46,14,true,2
46,15,true,1
46,16,false,2
46,17,true,1
46,18,true,1
46,19,false,2
46,20,false,1
46,21,false,2
46,22,false,2
46,23,false,2
46,24,false,1
46,25,false,2
46,26,false,2
46,27,false,2
46,28,true,1
46,29,true,2
46,30,false,2
46,31,false,1
46,32,true,1
46,33,true,2
46,34,true,2
46,35,false,1
46,36,false,2
46,37,false,2
46,38,true,1
46,39,false,1
46,40,true,1
46,41,false,1
46,42,true,1
46,43,true,1
46,44,false,1
46,45,false,2
46,46,false,2
46,47,false,2
46,48,false,1
46,49,true,2
46,50,false,1
46,51,false,2
46,52,false,2
46,53,false,1
46,54,true,2
46,55,true,2
46,56,false,1
46,57,true,1
46,58,false,2
46,59,true,1
46,60,true,1
46,61,false,1
46,62,true,2
46,63,false,1
46,64,true,1
46,65,true,1
46,66,false,1
46,67,true,1
46,68,false,1
46,69,false,1
46,70,false,2
46,71,true,1
46,72,true,2
46,73,false,1
46,74,true,1
46,75,false,2
46,76,true,2
46,77,true,1
46,78,true,1
46,79,false,2
46,80,true,1
46,81,true,2
46,82,true,1
46,83,true,1
46,84,false,1
46,85,false,1
46,86,true,1
46,87,false,2
46,88,false,2
46,89,true,2
46,90,true,1
46,91,true,2
46,92,true,1
46,93,false,1
46,94,true,2
46,95,true,1
46,96,true,2
46,97,false,1
46,98,true,2
46,99,true,1
46,100,true,1
46,101,true,2
46,102,true,2
46,103,false,2
46,104,false,2
46,105,true,2
46,106,false,1
46,107,true,1
46,108,false,2
46,109,true,1
46,110,true,1
46,111,true,1
46,112,true,1
46,113,false,2
46,114,false,1
46,115,true,1
46,116,false,2
46,117,true,1
46,118,true,2
46,119,true,2
46,120,false,1
46,121,true,1
46,122,false,1
46,123,true,1
46,124,true,1
46,125,true,2
46,126,false,1
46,127,false,1
46,128,false,1
46,129,false,1
46,130,true,1
46,131,true,1
46,132,true,1
46,133,true,2
46,134,true,2
46,135,true,2
46,136,false,1
46,137,true,2
46,138,true,1
46,139,true,2
46,140,true,1
46,141,false,1
46,142,true,1
46,143,true,2
46,144,false,1
46,145,true,1
46,146,true,2
46,147,true,1
46,148,true,1
46,149,true,1
46,150,false,1
46,151,true,1
46,152,false,1
46,153,true,1
46,154,false,2
46,155,false,1
46,156,false,2
46,157,true,1
46,158,true,1
46,159,true,1
46,160,true,2
46,161,true,1
46,162,true,2
46,163,false,1
46,164,false,2
46,165,true,1
46,166,true,1
46,167,false,1
46,168,true,2
46,169,false,1
46,170,false,1
46,171,true,1
46,172,true,2
46,173,true,2
46,174,true,1
46,175,true,2
46,176,true,1
46,177,true,2
46,178,true,2
46,179,true,2
46,180,false,1
46,181,false,1
46,182,false,1
46,183,true,1
46,184,true,1
46,185,false,1
46,186,true,1
46,187,true,1
46,188,true,1
46,189,true,1
46,190,true,2
46,191,true,1
46,192,true,1
46,193,true,1
46,194,true,1
46,195,true,1
46,196,true,1
46,197,true,1
46,198,true,1
46,199,true,1
46,200,false,1
46,201,true,1
46,202,false,1
46,203,false,2
46,204,false,1
46,205,false,1
46,206,false,1
46,207,false,1
46,208,false,1
46,209,true,1
46,210,true,2
46,211,true,1
46,212,false,1
46,213,true,1
46,214,true,2
46,215,true,1
46,216,true,1
46,217,false,1
46,218,false,1
46,219,true,2
46,220,true,2
46,221,true,1
46,222,true,1
46,223,true,2
46,224,true,2
46,225,true,2
46,226,true,1
46,227,true,2
46,228,true,2
46,229,true,1
46,230,true,1
46,231,true,1
46,232,true,1
46,233,true,1
46,234,false,1
46,235,true,1
46,236,true,2
46,237,false,1
46,238,true,2
46,239,true,1
46,240,true,1
46,241,true,1
46,242,true,1
46,243,false,1
46,244,true,2
46,245,true,1
46,246,true,2
46,247,true,2
46,248,false,1
46,249,false,1
46,250,true,1
46,251,false,1
46,252,true,2
46,253,true,2
46,254,true,1
46,255,true,2
46,256,true,1
46,257,true,2
46,258,true,1
46,259,true,1
46,260,true,2
46,261,true,1
46,262,true,1
46,263,false,1
46,264,false,1
46,265,true,1
46,266,true,2
46,267,true,1
46,268,true,2
46,269,true,1
46,270,true,1
46,271,false,1
46,272,true,1
46,273,true,1
46,274,false,1
46,275,true,1
46,276,true,1
46,277,true,2
46,278,true,1
46,279,false,1
46,280,true,2
46,281,true,1
46,282,true,1
46,283,true,2
46,284,true,2
46,285,true,2
46,286,true,1
46,287,true,1
46,288,true,1
46,289,true,1
46,290,true,1
46,291,true,1
46,292,true,1
46,293,false,1
46,294,false,1
46,295,true,2
46,296,true,2
46,297,true,2
46,298,true,1
46,299,false,1
46,300,true,2
46,301,true,1
46,302,true,2
46,303,true,1
46,304,true,2
46,305,true,2
46,306,true,1
46,307,true,2
46,308,true,1
46,309,false,1
46,310,true,1
46,311,true,1
46,312,true,2
46,313,true,1
46,314,true,1
46,315,false,1
46,316,true,1
46,317,true,1
46,318,false,1
46,319,true,1
46,320,true,1
46,321,true,2
46,322,true,2
46,323,true,2
46,324,true,1
46,325,true,2
46,326,true,2
46,327,true,1
46,328,true,2
46,329,true,1
46,330,true,1
46,331,false,2
46,332,true,2
46,333,true,2
46,334,true,1
46,335,true,2
46,336,true,2
46,337,true,2
46,338,true,1
46,339,true,1
46,340,false,2
46,341,false,1
46,342,true,1
46,343,false,1
46,344,true,1
46,345,true,1
46,346,true,1
46,347,true,1
46,348,false,1
46,349,true,2
46,350,true,1
46,351,true,1
46,352,true,2
46,353,true,1
46,354,true,1
46,355,true,1
46,356,true,2
46,357,false,1
46,358,true,1
46,359,true,1
46,360,true,1
46,361,true,1
46,362,true,2
46,363,true,2
46,364,false,1
46,365,true,1
46,366,false,1
46,367,true,1
46,368,true,2
46,369,false,1
46,370,true,2
46,371,true,2
46,372,true,1
46,373,true,2
46,374,true,1
46,375,true,1
46,376,true,2
46,377,true,1
46,378,true,1
46,379,false,1
46,380,true,1
46,381,true,2
46,382,true,1
46,383,true,2
46,384,true,1
46,385,true,2
46,386,true,2
46,387,true,2
46,388,true,2
46,389,true,2
46,390,true,2
46,391,true,2
46,392,true,1
46,393,true,1
46,394,true,1
46,395,true,2
46,396,true,1
46,397,true,1
46,398,true,1
46,399,true,1
46,400,true,1
46,401,true,1
46,402,false,2
46,403,true,1
46,404,true,2
46,405,true,2
46,406,true,1
46,407,true,2
46,408,true,1
46,409,true,1
46,410,true,1
46,411,true,1
46,412,true,2
46,413,true,2
46,414,true,1
46,415,false,1
46,416,true,2
46,417,true,1
46,418,true,1
46,419,true,1
46,420,true,1
46,421,true,2
46,422,true,1
46,423,true,1
46,424,true,1
46,425,true,1
46,426,true,2
46,427,true,1
46,428,true,1
46,429,true,1
46,430,true,2
46,431,true,1
46,432,true,2
46,433,true,2
46,434,true,1
46,435,true,1
46,436,true,2
46,437,true,1
46,438,true,1
46,439,true,1
46,440,true,1
46,441,true,1
46,442,false,1
46,443,true,2
46,444,true,2
46,445,true,2
46,446,true,1
46,447,false,1
46,448,true,1
46,449,false,1
46,450,true,2
46,451,true,2
46,452,true,1
46,453,true,1
46,454,false,1
46,455,true,1
46,456,true,1
46,457,true,2
46,458,false,2
46,459,false,1
46,460,true,1
46,461,true,1
46,462,true,2
46,463,true,2
46,464,false,1
46,465,false,1
46,466,true,2
46,467,true,1
46,468,true,2
46,469,true,2
46,470,true,2
46,471,false,1
46,472,true,2
46,473,true,1
46,474,true,1
46,475,false,1
46,476,true,1
46,477,true,2
46,478,true,1
46,479,true,1
46,480,true,2
46,481,true,2
46,482,true,2
46,483,true,2
46,484,false,1
46,485,true,1
46,486,true,1
46,487,false,1
46,488,true,2
46,489,true,1
46,490,true,1
46,491,true,2
46,492,true,1
46,493,true,1
46,494,true,2
46,495,true,2
46,496,true,1
46,497,true,1
46,498,true,1
46,499,true,2
46,500,true,1
46,501,true,2
46,502,false,1
46,503,true,1
46,504,true,2
46,505,true,2
46,506,true,1
46,507,true,1
46,508,true,1
46,509,true,2
46,510,true,1
46,511,true,1
46,512,true,2
46,513,true,2
46,514,false,1
46,515,true,2
46,516,true,2
46,517,true,2
46,518,true,2
46,519,true,2
46,520,true,1
46,521,true,1
46,522,true,1
46,523,true,2
46,524,true,1
46,525,true,1
46,526,false,1
46,527,true,2
46,528,true,1
46,529,false,1
46,530,true,1
46,531,true,2
46,532,true,1
46,533,true,1
46,534,true,2
46,535,true,1
46,536,true,2
46,537,true,1
46,538,true,2
46,539,true,2
46,540,true,1
46,541,true,2
46,542,false,1
46,543,true,1
46,544,true,1
46,545,true,1
46,546,true,1
46,547,true,1
46,548,true,1
46,549,true,1
46,550,true,2
46,551,true,2
46,552,true,2
46,553,true,1
46,554,true,1
46,555,true,2
46,556,true,1
46,557,true,1
46,558,true,2
46,559,true,2
46,560,true,2
46,561,false,1
46,562,true,2
46,563,true,1
46,564,true,1
46,565,true,2
46,566,true,2
46,567,true,1
46,568,true,1
46,569,true,1
46,570,true,2
46,571,true,1
46,572,true,2
46,573,true,2
46,574,true,2
46,575,true,1
46,576,true,1
46,577,true,2
46,578,true,1
46,579,true,2
46,580,true,1
46,581,true,2
46,582,true,2
46,583,true,1
46,584,true,1
46,585,true,2
46,586,false,1
46,587,true,2
46,588,false,1
46,589,true,2
46,590,true,1
46,591,true,1
46,592,true,1
46,593,true,2
46,594,true,2
46,595,false,1
46,596,true,2
46,597,false,1
46,598,true,1
46,599,true,2
46,600,false,1
46,601,true,2
46,602,true,2
46,603,true,2
46,604,true,1
46,605,true,2
46,606,true,2
46,607,true,2
46,608,true,2
46,609,true,2
46,610,false,1
46,611,true,1
46,612,true,1
46,613,true,1
46,614,true,1
46,615,true,2
46,616,true,2
46,617,true,1
46,618,true,2
46,619,true,2
46,620,false,2
46,621,true,2
46,622,true,1
46,623,true,1
46,624,true,1
46,625,true,1
46,626,true,1
46,627,true,2
46,628,true,1
46,629,true,1
46,630,true,1
46,631,true,2
46,632,true,2
46,633,true,2
46,634,true,2
46,635,false,2
46,636,true,2
46,637,true,1
46,638,true,1
46,639,true,2
46,640,true,2
46,641,true,2
46,642,true,2
46,643,true,2
46,644,true,1
46,645,true,1
46,646,true,2
46,647,true,1
46,648,true,1
46,649,false,1
46,650,true,2
46,651,true,2
46,652,true,2
46,653,true,1
46,654,true,2
46,655,true,1
46,656,true,1
46,657,true,1
46,658,false,1
46,659,true,2
46,660,true,1
46,661,true,1
46,662,true,1
46,663,true,1
46,664,true,2
46,665,true,2
46,666,true,2
46,667,true,1
46,668,true,2
46,669,true,1
46,670,true,2
46,671,true,2
46,672,true,1
46,673,true,1
46,674,true,2
46,675,false,1
46,676,true,2
46,677,true,2
46,678,true,1
46,679,true,2
46,680,true,1
46,681,true,2
46,682,true,1
46,683,false,1
46,684,true,2
46,685,true,1
46,686,true,1
46,687,true,1
46,688,true,2
46,689,true,2
46,690,true,2
46,691,true,1
46,692,true,2
46,693,true,2
46,694,true,1
46,695,true,2
46,696,true,1
46,697,true,1
46,698,true,1
46,699,true,2
46,700,true,1
47,1,false,1
47,2,false,2
47,3,false,2
47,4,false,1
47,5,true,1
47,6,false,1
47,7,false,1
47,8,true,2
47,9,false,1
47,10,true,2
47,11,true,2
47,12,false,1
47,13,true,1
47,14,false,1
47,15,true,1
47,16,false,2
47,17,false,2
47,18,true,1
47,19,true,1
47,20,true,2
47,21,true,1
47,22,true,1
47,23,true,1
47,24,false,1
47,25,true,1
47,26,true,1
47,27,false,2
47,28,true,1
47,29,true,2
47,30,true,1
47,31,true,2
47,32,false,2
47,33,true,2
47,34,true,2
47,35,false,1
47,36,true,1
47,37,true,1
47,38,true,1
47,39,true,2
47,40,true,1
47,41,false,1
47,42,true,1
47,43,true,1
47,44,false,1
47,45,false,2
47,46,false,2
47,47,false,2
47,48,true,2
47,49,true,2
47,50,true,2
47,51,false,2
47,52,true,1
47,53,false,1
47,54,true,2
47,55,true,2
47,56,true,2
47,57,true,1
47,58,false,2
47,59,true,1
47,60,false,2
47,61,true,2
47,62,true,2
47,63,true,2
47,64,true,1
47,65,false,2
47,66,true,2
47,67,false,2
47,68,true,2
47,69,true,2
47,70,true,1
47,71,true,1
47,72,false,1
47,73,true,2
47,74,true,1
47,75,false,2
47,76,false,1
47,77,false,2
47,78,true,1
47,79,true,1
47,80,true,1
47,81,false,1
47,82,true,1
47,83,true,1
47,84,false,1
47,85,false,1
47,86,false,2
47,87,true,1
47,88,false,2
47,89,true,2
47,90,true,1
47,91,false,1
47,92,true,1
47,93,true,2
47,94,false,1
47,95,true,1
47,96,false,1
47,97,true,2
47,98,true,2
47,99,true,1
47,100,true,1
47,101,false,1
47,102,false,1
47,103,false,2
47,104,true,1
47,105,true,2
47,106,false,1
47,107,true,1
47,108,true,1
47,109,true,1
47,110,true,1
47,111,true,1
47,112,true,1
47,113,true,1
47,114,true,2
47,115,true,1
47,116,true,1
47,117,true,1
47,118,false,1
47,119,false,1
47,120,false,1
47,121,true,1
47,122,false,1
47,123,true,1
47,124,true,1
47,125,false,1
47,126,true,2
47,127,false,1
47,128,true,2
47,129,false,1
47,130,true,1
47,131,false,2
47,132,true,1
47,133,false,1
47,134,false,1
47,135,true,2
47,136,true,2
47,137,false,1
47,138,true,1
47,139,false,1
47,140,false,2
47,141,false,1
47,142,true,1
47,143,true,2
47,144,false,1
47,145,true,1
47,146,false,1
47,147,true,1
47,148,true,1
47,149,true,1
47,150,false,1
47,151,true,1
47,152,true,2
47,153,true,1
47,154,true,1
47,155,true,2
47,156,true,1
47,157,true,1
47,158,true,1
47,159,true,1
47,160,false,1
47,161,true,1
47,162,true,2
47,163,true,2
47,164,true,1
47,165,true,1
47,166,true,1
47,167,false,1
47,168,true,2
47,169,false,1
47,170,true,2
47,171,false,2
47,172,true,2
47,173,false,1
47,174,true,1
47,175,false,1
47,176,true,1
47,177,true,2
47,178,false,1
47,179,true,2
47,180,true,2
47,181,true,2
47,182,false,1
47,183,true,1
47,184,true,1
47,185,false,1
47,186,true,1
47,187,true,1
47,188,true,1
47,189,true,1
47,190,true,2
47,191,false,2
47,192,true,1
47,193,true,1
47,194,false,2
47,195,true,1
47,196,true,1
47,197,true,1
47,198,true,1
47,199,true,1
47,200,true,2
47,201,true,1
47,202,true,2
47,203,true,1
47,204,true,2
47,205,true,2
47,206,true,2
47,207,false,1
47,208,true,2
47,209,true,1
47,210,true,2
47,211,true,1
47,212,true,2
47,213,true,1
47,214,true,2
47,215,true,1
47,216,true,1
47,217,false,1
47,218,true,2
47,219,true,2
47,220,false,1
47,221,true,1
47,222,true,1
47,223,true,2
47,224,true,2
47,225,true,2
47,226,true,1
47,227,false,1
47,228,true,2
47,229,true,1
47,230,true,1
47,231,true,1
47,232,true,1
47,233,true,1
47,234,true,2
47,235,true,1
47,236,false,1
47,237,true,2
47,238,true,2
47,239,true,1
47,240,true,1
47,241,true,1
47,242,true,1
47,243,true,2
47,244,false,1
47,245,true,1
47,246,false,1
47,247,true,2
47,248,true,2
47,249,true,2
47,250,true,1
47,251,false,1
47,252,false,1
47,253,false,1
47,254,true,1
47,255,false,1
47,256,true,1
47,257,true,2
47,258,true,1
47,259,true,1
47,260,true,2
47,261,true,1
47,262,true,1
47,263,false,1
47,264,true,2
47,265,true,1
47,266,false,1
47,267,true,1
47,268,false,1
47,269,true,1
47,270,true,1
47,271,true,2
47,272,true,1
47,273,true,1
47,274,true,2
47,275,true,1
47,276,true,1
47,277,false,1
47,278,true,1
47,279,true,2
47,280,false,1
47,281,true,1
47,282,true,1
47,283,false,1
47,284,true,2
47,285,false,1
47,286,true,1
47,287,true,1
47,288,true,1
47,289,true,1
47,290,true,1
47,291,true,1
47,292,true,1
47,293,true,2
47,294,true,2
47,295,false,1
47,296,false,1
47,297,false,1
47,298,false,2
47,299,false,1
47,300,true,2
47,301,true,1
47,302,false,1
47,303,true,1
47,304,false,1
47,305,false,1
47,306,true,1
47,307,false,1
47,308,true,1
47,309,true,2
47,310,true,1
47,311,true,1
47,312,false,1
47,313,true,1
47,314,true,1
47,315,true,2
47,316,true,1
47,317,true,1
47,318,false,1
47,319,true,1
47,320,true,1
47,321,true,2
47,322,false,1
47,323,true,2
47,324,true,1
47,325,false,1
47,326,true,2
47,327,true,1
47,328,true,2
47,329,true,1
47,330,true,1
47,331,true,1
47,332,true,2
47,333,true,2
47,334,true,1
47,335,true,2
47,336,false,1
47,337,true,2
47,338,true,1
47,339,true,1
47,340,true,1
47,341,true,2
47,342,true,1
47,343,false,1
47,344,true,1
47,345,true,1
47,346,true,1
47,347,true,1
47,348,false,1
47,349,true,2
47,350,true,1
47,351,true,1
47,352,true,2
47,353,true,1
47,354,true,1
47,355,true,1
47,356,true,2
47,357,false,1
47,358,true,1
47,359,true,1
47,360,true,1
47,361,true,1
47,362,false,1
47,363,false,1
47,364,false,1
47,365,true,1
47,366,true,2
47,367,true,1
47,368,true,2
47,369,true,2
47,370,true,2
47,371,true,2
47,372,true,1
47,373,true,2
47,374,true,1
47,375,true,1
47,376,false,1
47,377,true,1
47,378,true,1
47,379,false,1
47,380,true,1
47,381,true,2
47,382,true,1
47,383,false,1
47,384,true,1
47,385,true,2
47,386,false,1
47,387,true,2
47,388,true,2
47,389,false,1
47,390,true,2
47,391,true,2
47,392,true,1
47,393,true,1
47,394,true,1
47,395,true,2
47,396,true,1
47,397,true,1
47,398,true,1
47,399,true,1
47,400,true,1
47,401,true,1
47,402,true,1
47,403,true,1
47,404,false,1
47,405,false,1
47,406,true,1
47,407,false,1
47,408,true,1
47,409,true,1
47,410,true,1
47,411,true,1
47,412,false,1
47,413,true,2
47,414,true,1
47,415,false,1
47,416,true,2
47,417,true,1
47,418,true,1
47,419,true,1
47,420,true,1
47,421,true,2
47,422,true,1
47,423,true,1
47,424,true,1
47,425,true,1
47,426,true,2
47,427,true,1
47,428,true,1
47,429,true,1
47,430,false,1
47,431,true,1
47,432,true,2
47,433,true,2
47,434,true,1
47,435,true,1
47,436,false,1
47,437,true,1
47,438,true,1
47,439,false,2
47,440,true,1
47,441,true,1
47,442,false,1
47,443,true,2
47,444,true,2
47,445,true,2
47,446,true,1
47,447,true,2
47,448,true,1
47,449,true,2
47,450,true,2
47,451,false,1
47,452,true,1
47,453,true,1
47,454,false,1
47,455,true,1
47,456,true,1
47,457,false,1
47,458,true,1
47,459,false,1
47,460,true,1
47,461,true,1
47,462,true,2
47,463,false,1
47,464,false,1
47,465,true,2
47,466,true,2
47,467,true,1
47,468,true,2
47,469,true,2
47,470,true,2
47,471,false,1
47,472,false,1
47,473,true,1
47,474,true,1
47,475,true,2
47,476,true,1
47,477,false,1
47,478,true,1
47,479,true,1
47,480,true,2
47,481,true,2
47,482,false,1
47,483,false,1
47,484,false,1
47,485,true,1
47,486,true,1
47,487,true,2
47,488,true,2
47,489,true,1
47,490,true,1
47,491,true,2
47,492,true,1
47,493,true,1
47,494,false,1
47,495,true,2
47,496,true,1
47,497,true,1
47,498,true,1
47,499,false,1
47,500,true,1
47,501,true,2
47,502,true,2
47,503,true,1
47,504,false,1
47,505,false,1
47,506,true,1
47,507,true,1
47,508,true,1
47,509,true,2
47,510,true,1
47,511,true,1
47,512,false,1
47,513,false,1
47,514,false,1
47,515,false,1
47,516,false,1
47,517,false,1
47,518,true,2
47,519,true,2
47,520,true,1
47,521,true,1
47,522,true,1
47,523,true,2
47,524,true,1
47,525,true,1
47,526,false,1
47,527,true,2
47,528,true,1
47,529,true,2
47,530,true,1
47,531,true,2
47,532,true,1
47,533,true,1
47,534,true,2
47,535,true,1
47,536,false,1
47,537,true,1
47,538,false,1
47,539,true,2
47,540,true,1
47,541,true,2
47,542,false,1
47,543,true,1
47,544,true,1
47,545,false,2
47,546,true,1
47,547,true,1
47,548,true,1
47,549,true,1
47,550,true,2
47,551,true,2
47,552,true,2
47,553,true,1
47,554,true,1
47,555,false,1
47,556,true,1
47,557,true,1
47,558,true,2
47,559,true,2
47,560,true,2
47,561,true,2
47,562,true,2
47,563,true,1
47,564,true,1
47,565,true,2
47,566,true,2
47,567,true,1
47,568,true,1
47,569,true,1
47,570,true,2
47,571,true,1
47,572,true,2
47,573,false,1
47,574,true,2
47,575,true,1
47,576,true,1
47,577,true,2
47,578,true,1
47,579,true,2
47,580,true,1
47,581,true,2
47,582,true,2
47,583,true,1
47,584,true,1
47,585,false,1
47,586,true,2
47,587,false,1
47,588,true,2
47,589,true,2
47,590,true,1
47,591,true,1
47,592,true,1
47,593,true,2
47,594,true,2
47,595,false,1
47,596,true,2
47,597,true,2
47,598,true,1
47,599,false,1
47,600,true,2
47,601,true,2
47,602,false,1
47,603,true,2
47,604,true,1
47,605,true,2
47,606,true,2
47,607,true,2
47,608,true,2
47,609,true,2
47,610,false,1
47,611,true,1
47,612,true,1
47,613,true,1
47,614,false,2
47,615,true,2
47,616,false,1
47,617,true,1
47,618,true,2
47,619,true,2
47,620,true,1
47,621,true,2
47,622,true,1
47,623,true,1
47,624,true,1
47,625,true,1
47,626,true,1
47,627,true,2
47,628,true,1
47,629,true,1
47,630,true,1
47,631,true,2
47,632,true,2
47,633,true,2
47,634,true,2
47,635,true,1
47,636,true,2
47,637,true,1
47,638,true,1
47,639,true,2
47,640,false,1
47,641,true,2
47,642,true,2
47,643,true,2
47,644,true,1
47,645,true,1
47,646,false,1
47,647,true,1
47,648,true,1
47,649,true,2
47,650,true,2
47,651,true,2
47,652,true,2
47,653,true,1
47,654,true,2
47,655,true,1
47,656,true,1
47,657,true,1
47,658,true,2
47,659,false,1
47,660,true,1
47,661,true,1
47,662,true,1
47,663,false,2
47,664,false,1
47,665,true,2
47,666,false,1
47,667,true,1
47,668,true,2
47,669,true,1
47,670,false,1
47,671,true,2
47,672,true,1
47,673,false,2
47,674,true,2
47,675,true,2
47,676,true,2
47,677,true,2
47,678,true,1
47,679,true,2
47,680,true,1
47,681,true,2
47,682,true,1
47,683,true,2
47,684,true,2
47,685,true,1
47,686,true,1
47,687,true,1
47,688,true,2
47,689,true,2
47,690,true,2
47,691,true,1
47,692,true,2
47,693,true,2
47,694,true,1
47,695,true,2
47,696,true,1
47,697,false,2
47,698,true,1
47,699,true,2
47,700,true,1
48,1,true,2
48,2,false,2
48,3,false,2
48,4,false,1
48,5,true,1
48,6,true,2
48,7,true,2
48,8,true,2
48,9,false,1
48,10,false,1
48,11,false,1
48,12,false,1
48,13,false,2
48,14,false,1
48,15,true,1
48,16,true,1
48,17,true,1
48,18,true,1
48,19,true,1
48,20,false,1
48,21,true,1
48,22,true,1
48,23,true,1
48,24,false,1
48,25,false,2
48,26,false,2
48,27,false,2
48,28,true,1
48,29,true,2
48,30,true,1
48,31,false,1
48,32,false,2
48,33,true,2
48,34,true,2
48,35,false,1
48,36,false,2
48,37,false,2
48,38,false,2
48,39,false,1
48,40,true,1
48,41,true,2
48,42,true,1
48,43,false,2
48,44,true,2
48,45,false,2
48,46,true,1
48,47,true,1
48,48,false,1
48,49,false,1
48,50,false,1
48,51,false,2
48,52,false,2
48,53,false,1
48,54,true,2
48,55,true,2
48,56,false,1
48,57,true,1
48,58,true,1
48,59,false,2
48,60,false,2
48,61,false,1
48,62,true,2
48,63,true,2
48,64,true,1
48,65,true,1
48,66,false,1
48,67,false,2
48,68,false,1
48,69,false,1
48,70,true,1
48,71,false,2
48,72,false,1
48,73,false,1
48,74,false,2
48,75,true,1
48,76,true,2
48,77,true,1
48,78,true,1
48,79,true,1
48,80,false,2
48,81,false,1
48,82,false,2
48,83,true,1
48,84,true,2
48,85,false,1
48,86,true,1
48,87,true,1
48,88,false,2
48,89,true,2
48,90,true,1
48,91,true,2
48,92,true,1
48,93,false,1
48,94,false,1
48,95,true,1
48,96,true,2
48,97,false,1
48,98,true,2
48,99,true,1
48,100,true,1
48,101,false,1
48,102,false,1
48,103,true,1
48,104,false,2
48,105,false,1
48,106,true,2
48,107,true,1
48,108,true,1
48,109,true,1
48,110,true,1
48,111,true,1
48,112,true,1
48,113,true,1
48,114,true,2
48,115,true,1
48,116,true,1
48,117,false,2
48,118,true,2
48,119,true,2
48,120,false,1
48,121,true,1
48,122,false,1
48,123,true,1
48,124,true,1
48,125,false,1
48,126,false,1
48,127,true,2
48,128,true,2
48,129,false,1
48,130,true,1
48,131,true,1
48,132,true,1
48,133,true,2
48,134,true,2
48,135,false,1
48,136,true,2
48,137,false,1
48,138,true,1
48,139,true,2
48,140,true,1
48,141,true,2
48,142,false,2
48,143,false,1
48,144,true,2
48,145,true,1
48,146,true,2
48,147,true,1
48,148,true,1
48,149,true,1
48,150,true,2
48,151,true,1
48,152,true,2
48,153,true,1
48,154,true,1
48,155,false,1
48,156,true,1
48,157,true,1
48,158,true,1
48,159,true,1
48,160,true,2
48,161,true,1
48,162,false,1
48,163,true,2
48,164,true,1
48,165,true,1
48,166,true,1
48,167,true,2
48,168,true,2
48,169,true,2
48,170,true,2
48,171,true,1
48,172,false,1
48,173,false,1
48,174,true,1
48,175,true,2
48,176,true,1
48,177,true,2
48,178,false,1
48,179,true,2
48,180,true,2
48,181,true,2
48,182,true,2
48,183,true,1
48,184,true,1
48,185,false,1
48,186,true,1
48,187,true,1
48,188,true,1
48,189,true,1
48,190,true,2
48,191,false,2
48,192,true,1
48,193,true,1
48,194,true,1
48,195,true,1
48,196,true,1
48,197,true,1
48,198,true,1
48,199,true,1
48,200,true,2
48,201,true,1
48,202,true,2
48,203,true,1
48,204,true,2
48,205,false,1
48,206,false,1
48,207,true,2
48,208,true,2
48,209,true,1
48,210,false,1
48,211,true,1
48,212,true,2
48,213,true,1
48,214,false,1
48,215,true,1
48,216,true,1
48,217,true,2
48,218,true,2
48,219,false,1
48,220,true,2
48,221,true,1
48,222,true,1
48,223,true,2
48,224,true,2
48,225,true,2
48,226,true,1
48,227,true,2
48,228,true,2
48,229,true,1
48,230,true,1
48,231,true,1
48,232,true,1
48,233,true,1
48,234,true,2
48,235,true,1
48,236,true,2
48,237,true,2
48,238,false,1
48,239,true,1
48,240,true,1
48,241,true,1
48,242,true,1
48,243,true,2
48,244,false,1
48,245,true,1
48,246,false,1
48,247,false,1
48,248,true,2
48,249,false,1
48,250,true,1
48,251,false,1
48,252,true,2
48,253,true,2
48,254,true,1
48,255,true,2
48,256,true,1
48,257,false,1
48,258,true,1
48,259,true,1
48,260,false,1
48,261,true,1
48,262,true,1
48,263,true,2
48,264,false,1
48,265,true,1
48,266,true,2
48,267,true,1
48,268,true,2
48,269,true,1
48,270,true,1
48,271,true,2
48,272,true,1
48,273,true,1
48,274,false,1
48,275,true,1
48,276,true,1
48,277,false,1
48,278,true,1
48,279,true,2
48,280,true,2
48,281,true,1
48,282,true,1
48,283,false,1
48,284,true,2
48,285,false,1
48,286,true,1
48,287,true,1
48,288,true,1
48,289,true,1
48,290,true,1
48,291,true,1
48,292,true,1
48,293,true,2
48,294,true,2
48,295,true,2
48,296,true,2
48,297,true,2
48,298,true,1
48,299,true,2
48,300,false,1
48,301,true,1
48,302,false,1
48,303,true,1
48,304,true,2
48,305,false,1
48,306,true,1
48,307,true,2
48,308,true,1
48,309,true,2
48,310,true,1
48,311,true,1
48,312,false,1
48,313,true,1
48,314,true,1
48,315,false,1
48,316,true,1
48,317,true,1
48,318,false,1
48,319,false,2
48,320,true,1
48,321,true,2
48,322,true,2
48,323,false,1
48,324,true,1
48,325,false,1
48,326,true,2
48,327,true,1
48,328,false,1
48,329,true,1
48,330,true,1
48,331,true,1
48,332,true,2
48,333,false,1
48,334,true,1
48,335,false,1
48,336,true,2
48,337,true,2
48,338,true,1
48,339,true,1
48,340,true,1
48,341,false,1
48,342,true,1
48,343,true,2
48,344,true,1
48,345,true,1
48,346,true,1
48,347,true,1
48,348,false,1
48,349,false,1
48,350,true,1
48,351,true,1
48,352,true,2
48,353,true,1
48,354,true,1
48,355,true,1
48,356,true,2
48,357,true,2
48,358,true,1
48,359,true,1
48,360,true,1
48,361,true,1
48,362,true,2
48,363,true,2
48,364,false,1
48,365,true,1
48,366,true,2
48,367,true,1
48,368,true,2
48,369,true,2
48,370,true,2
48,371,true,2
48,372,true,1
48,373,true,2
48,374,true,1
48,375,true,1
48,376,true,2
48,377,true,1
48,378,true,1
48,379,false,1
48,380,true,1
48,381,true,2
48,382,true,1
48,383,true,2
48,384,true,1
48,385,true,2
48,386,false,1
48,387,true,2
48,388,true,2
48,389,true,2
48,390,true,2
48,391,true,2
48,392,true,1
48,393,true,1
48,394,true,1
48,395,true,2
48,396,true,1
48,397,true,1
48,398,true,1
48,399,true,1
48,400,true,1
48,401,true,1
48,402,true,1
48,403,true,1
48,404,true,2
48,405,true,2
48,406,true,1
48,407,true,2
48,408,true,1
48,409,true,1
48,410,true,1
48,411,true,1
48,412,false,1
48,413,true,2
48,414,true,1
48,415,false,1
48,416,true,2
48,417,true,1
48,418,true,1
48,419,true,1
48,420,true,1
48,421,false,1
48,422,true,1
48,423,true,1
48,424,true,1
48,425,true,1
48,426,true,2
48,427,true,1
48,428,true,1
48,429,true,1
48,430,true,2
48,431,true,1
48,432,true,2
48,433,false,1
48,434,true,1
48,435,true,1
48,436,true,2
48,437,true,1
48,438,true,1
48,439,true,1
48,440,true,1
48,441,true,1
48,442,false,1
48,443,true,2
48,444,true,2
48,445,true,2
48,446,true,1
48,447,true,2
48,448,true,1
48,449,true,2
48,450,true,2
48,451,true,2
48,452,true,1
48,453,true,1
48,454,true,2
48,455,true,1
48,456,true,1
48,457,true,2
48,458,true,1
48,459,false,1
48,460,true,1
48,461,true,1
48,462,true,2
48,463,true,2
48,464,true,2
48,465,true,2
48,466,false,1
48,467,true,1
48,468,true,2
48,469,false,1
48,470,true,2
48,471,true,2
48,472,true,2
48,473,true,1
48,474,true,1
48,475,true,2
48,476,true,1
48,477,true,2
48,478,true,1
48,479,true,1
48,480,true,2
48,481,true,2
48,482,true,2
48,483,true,2
48,484,true,2
48,485,true,1
48,486,true,1
48,487,false,1
48,488,true,2
48,489,true,1
48,490,true,1
48,491,false,1
48,492,true,1
48,493,true,1
48,494,true,2
48,495,true,2
48,496,true,1
48,497,true,1
48,498,true,1
48,499,false,1
48,500,true,1
48,501,true,2
48,502,true,2
48,503,true,1
48,504,true,2
48,505,false,1
48,506,true,1
48,507,true,1
48,508,true,1
48,509,true,2
48,510,true,1
48,511,true,1
48,512,true,2
48,513,true,2
48,514,false,1
48,515,false,1
48,516,false,1
48,517,true,2
48,518,true,2
48,519,true,2
48,520,true,1
48,521,true,1
48,522,true,1
48,523,true,2
48,524,true,1
48,525,true,1
48,526,false,1
48,527,true,2
48,528,true,1
48,529,false,1
48,530,true,1
48,531,true,2
48,532,true,1
48,533,true,1
48,534,true,2
48,535,true,1
48,536,true,2
48,537,true,1
48,538,true,2
48,539,false,1
48,540,true,1
48,541,true,2
48,542,true,2
48,543,true,1
48,544,true,1
48,545,true,1
48,546,true,1
48,547,true,1
48,548,true,1
48,549,true,1
48,550,true,2
48,551,true,2
48,552,true,2
48,553,true,1
48,554,true,1
48,555,true,2
48,556,true,1
48,557,true,1
48,558,true,2
48,559,true,2
48,560,true,2
48,561,false,1
48,562,true,2
48,563,true,1
48,564,true,1
48,565,true,2
48,566,true,2
48,567,true,1
48,568,true,1
48,569,true,1
48,570,true,2
48,571,true,1
48,572,false,1
48,573,true,2
48,574,true,2
48,575,true,1
48,576,true,1
48,577,true,2
48,578,true,1
48,579,true,2
48,580,true,1
48,581,true,2
48,582,true,2
48,583,true,1
48,584,true,1
48,585,false,1
48,586,false,1
48,587,true,2
48,588,true,2
48,589,true,2
48,590,true,1
48,591,true,1
48,592,true,1
48,593,true,2
48,594,true,2
48,595,true,2
48,596,true,2
48,597,true,2
48,598,true,1
48,599,true,2
48,600,true,2
48,601,true,2
48,602,true,2
48,603,true,2
48,604,true,1
48,605,true,2
48,606,true,2
48,607,true,2
48,608,true,2
48,609,true,2
48,610,true,2
48,611,true,1
48,612,true,1
48,613,true,1
48,614,true,1
48,615,true,2
48,616,true,2
48,617,true,1
48,618,true,2
48,619,true,2
48,620,true,1
48,621,true,2
48,622,true,1
48,623,true,1
48,624,true,1
48,625,false,2
48,626,true,1
48,627,false,1
48,628,true,1
48,629,false,2
48,630,true,1
48,631,true,2
48,632,false,1
48,633,true,2
48,634,true,2
48,635,true,1
48,636,false,1
48,637,true,1
48,638,true,1
48,639,true,2
48,640,true,2
48,641,true,2
48,642,true,2
48,643,true,2
48,644,true,1
48,645,true,1
48,646,true,2
48,647,true,1
48,648,true,1
48,649,true,2
48,650,true,2
48,651,true,2
48,652,true,2
48,653,true,1
48,654,true,2
48,655,true,1
48,656,true,1
48,657,true,1
48,658,false,1
48,659,true,2
48,660,true,1
48,661,true,1
48,662,true,1
48,663,true,1
48,664,false,1
48,665,true,2
48,666,true,2
48,667,true,1
48,668,true,2
48,669,true,1
48,670,true,2
48,671,false,1
48,672,true,1
48,673,true,1
48,674,true,2
48,675,true,2
48,676,true,2
48,677,true,2
48,678,true,1
48,679,true,2
48,680,true,1
48,681,true,2
48,682,true,1
48,683,true,2
48,684,true,2
48,685,true,1
48,686,true,1
48,687,true,1
48,688,true,2
48,689,true,2
48,690,true,2
48,691,true,1
48,692,true,2
48,693,true,2
48,694,true,1
48,695,true,2
48,696,true,1
48,697,true,1
48,698,true,1
48,699,true,2
48,700,true,1
49,1,false,1
49,2,false,2
49,3,true,1
49,4,false,1
49,5,true,1
49,6,false,1
49,7,false,1
49,8,true,2
49,9,false,1
49,10,true,2
49,11,true,2
49,12,true,2
49,13,false,2
49,14,true,2
49,15,true,1
49,16,true,1
49,17,false,2
49,18,true,1
49,19,true,1
49,20,false,1
49,21,false,2
49,22,false,2
49,23,false,2
49,24,false,1
49,25,true,1
49,26,true,1
49,27,true,1
49,28,true,1
49,29,true,2
49,30,false,2
49,31,false,1
49,32,true,1
49,33,true,2
49,34,true,2
49,35,true,2
49,36,true,1
49,37,false,2
49,38,true,1
49,39,true,2
49,40,true,1
49,41,true,2
49,42,true,1
49,43,true,1
49,44,true,2
49,45,true,1
49,46,true,1
49,47,true,1
49,48,false,1
49,49,true,2
49,50,true,2
49,51,true,1
49,52,true,1
49,53,false,1
49,54,false,1
49,55,true,2
49,56,true,2
49,57,true,1
49,58,false,2
49,59,true,1
49,60,false,2
49,61,true,2
49,62,false,1
49,63,false,1
49,64,true,1
49,65,true,1
49,66,true,2
49,67,true,1
49,68,false,1
49,69,true,2
49,70,true,1
49,71,true,1
49,72,false,1
49,73,false,1
49,74,true,1
49,75,true,1
49,76,false,1
49,77,true,1
49,78,true,1
49,79,true,1
49,80,true,1
49,81,false,1
49,82,true,1
49,83,true,1
49,84,true,2
49,85,false,1
49,86,true,1
49,87,true,1
49,88,true,1
49,89,false,1
49,90,true,1
49,91,false,1
49,92,true,1
49,93,true,2
49,94,true,2
49,95,true,1
49,96,false,1
49,97,true,2
49,98,false,1
49,99,true,1
49,100,true,1
49,101,false,1
49,102,false,1
49,103,true,1
49,104,true,1
49,105,false,1
49,106,false,1
49,107,true,1
49,108,true,1
49,109,true,1
49,110,false,2
49,111,true,1
49,112,true,1
49,113,true,1
49,114,false,1
49,115,false,2
49,116,true,1
49,117,true,1
49,118,true,2
49,119,false,1
49,120,false,1
49,121,true,1
49,122,true,2
49,123,true,1
49,124,false,2
49,125,false,1
49,126,true,2
49,127,false,1
49,128,true,2
49,129,true,2
49,130,true,1
49,131,true,1
49,132,true,1
49,133,false,1
49,134,true,2
49,135,true,2
49,136,false,1
49,137,true,2
49,138,true,1
49,139,false,1
49,140,true,1
49,141,false,1
49,142,true,1
49,143,false,1
49,144,true,2
49,145,true,1
49,146,true,2
49,147,true,1
49,148,true,1
49,149,true,1
49,150,true,2
49,151,true,1
49,152,true,2
49,153,true,1
49,154,true,1
49,155,true,2
49,156,true,1
49,157,true,1
49,158,false,2
49,159,true,1
49,160,false,1
49,161,true,1
49,162,false,1
49,163,true,2
49,164,true,1
49,165,true,1
49,166,true,1
49,167,true,2
49,168,false,1
49,169,true,2
49,170,true,2
49,171,true,1
49,172,false,1
49,173,false,1
49,174,true,1
49,175,false,1
49,176,true,1
49,177,false,1
49,178,false,1
49,179,true,2
49,180,true,2
49,181,true,2
49,182,true,2
49,183,true,1
49,184,true,1
49,185,true,2
49,186,true,1
49,187,true,1
49,188,true,1
49,189,true,1
49,190,false,1
49,191,true,1
49,192,true,1
49,193,true,1
49,194,true,1
49,195,true,1
49,196,true,1
49,197,true,1
49,198,true,1
49,199,true,1
49,200,false,1
49,201,true,1
49,202,false,1
49,203,true,1
49,204,false,1
49,205,false,1
49,206,false,1
49,207,false,1
49,208,false,1
49,209,true,1
49,210,false,1
49,211,true,1
49,212,true,2
49,213,true,1
49,214,true,2
49,215,true,1
49,216,true,1
49,217,true,2
49,218,false,1
49,219,false,1
49,220,true,2
49,221,true,1
49,222,true,1
49,223,false,1
49,224,false,1
49,225,false,1
49,226,true,1
49,227,false,1
49,228,false,1
49,229,true,1
49,230,true,1
49,231,true,1
49,232,true,1
49,233,true,1
49,234,false,1
49,235,true,1
49,236,true,2
49,237,false,1
49,238,false,1
49,239,true,1
49,240,true,1
49,241,true,1
49,242,true,1
49,243,false,1
49,244,true,2
49,245,true,1
49,246,true,2
49,247,false,1
49,248,true,2
49,249,false,1
49,250,true,1
49,251,false,1
49,252,false,1
49,253,false,1
49,254,true,1
49,255,true,2
49,256,true,1
49,257,false,1
49,258,true,1
49,259,true,1
49,260,false,1
49,261,true,1
49,262,true,1
49,263,false,1
49,264,false,1
49,265,false,2
49,266,true,2
49,267,true,1
49,268,false,1
49,269,true,1
49,270,true,1
49,271,true,2
49,272,true,1
49,273,true,1
49,274,false,1
49,275,true,1
49,276,true,1
49,277,true,2
49,278,true,1
49,279,true,2
49,280,true,2
49,281,true,1
49,282,true,1
49,283,true,2
49,284,false,1
49,285,true,2
49,286,true,1
49,287,true,1
49,288,true,1
49,289,true,1
49,290,true,1
49,291,true,1
49,292,true,1
49,293,false,1
49,294,false,1
49,295,false,1
49,296,false,1
49,297,false,1
49,298,true,1
49,299,true,2
49,300,true,2
49,301,true,1
49,302,false,1
49,303,true,1
49,304,true,2
49,305,true,2
49,306,true,1
49,307,true,2
49,308,true,1
49,309,true,2
49,310,true,1
49,311,true,1
49,312,true,2
49,313,true,1
49,314,true,1
49,315,false,1
49,316,true,1
49,317,true,1
49,318,false,1
49,319,true,1
49,320,true,1
49,321,true,2
49,322,false,1
49,323,true,2
49,324,true,1
49,325,true,2
49,326,true,2
49,327,true,1
49,328,true,2
49,329,true,1
49,330,true,1
49,331,true,1
49,332,false,1
49,333,false,1
49,334,true,1
49,335,false,1
49,336,true,2
49,337,true,2
49,338,true,1
49,339,true,1
49,340,true,1
49,341,true,2
49,342,true,1
49,343,true,2
49,344,true,1
49,345,true,1
49,346,true,1
49,347,true,1
49,348,true,2
49,349,true,2
49,350,true,1
49,351,true,1
49,352,false,1
49,353,true,1
49,354,true,1
49,355,true,1
49,356,false,1
49,357,false,1
49,358,true,1
49,359,true,1
49,360,true,1
49,361,true,1
49,362,false,1
49,363,true,2
49,364,false,1
49,365,true,1
49,366,true,2
49,367,true,1
49,368,true,2
49,369,false,1
49,370,false,1
49,371,false,1
49,372,true,1
49,373,true,2
49,374,true,1
49,375,true,1
49,376,true,2
49,377,true,1
49,378,true,1
49,379,true,2
49,380,true,1
49,381,true,2
49,382,true,1
49,383,true,2
49,384,true,1
49,385,false,1
49,386,false,1
49,387,false,1
49,388,false,1
49,389,true,2
49,390,false,1
49,391,true,2
49,392,true,1
49,393,true,1
49,394,true,1
49,395,false,1
49,396,true,1
49,397,true,1
49,398,true,1
49,399,true,1
49,400,true,1
49,401,true,1
49,402,true,1
49,403,true,1
49,404,false,1
49,405,false,1
49,406,true,1
49,407,true,2
49,408,true,1
49,409,true,1
49,410,true,1
49,411,true,1
49,412,true,2
49,413,false,1
49,414,true,1
49,415,false,1
49,416,true,2
49,417,true,1
49,418,true,1
49,419,true,1
49,420,true,1
49,421,true,2
49,422,true,1
49,423,true,1
49,424,true,1
49,425,true,1
49,426,true,2
49,427,true,1
49,428,true,1
49,429,true,1
49,430,true,2
49,431,true,1
49,432,true,2
49,433,false,1
49,434,true,1
49,435,true,1
49,436,true,2
49,437,true,1
49,438,true,1
49,439,true,1
49,440,true,1
49,441,true,1
49,442,true,2
49,443,false,1
49,444,true,2
49,445,true,2
49,446,true,1
49,447,false,1
49,448,true,1
49,449,false,1
49,450,true,2
49,451,true,2
49,452,true,1
49,453,true,1
49,454,false,1
49,455,true,1
49,456,true,1
49,457,true,2
49,458,true,1
49,459,true,2
49,460,true,1
49,461,true,1
49,462,false,1
49,463,true,2
49,464,false,1
49,465,true,2
49,466,true,2
49,467,true,1
49,468,true,2
49,469,true,2
49,470,false,1
49,471,false,1
49,472,true,2
49,473,true,1
49,474,true,1
49,475,true,2
49,476,true,1
49,477,true,2
49,478,true,1
49,479,false,2
49,480,true,2
49,481,true,2
49,482,true,2
49,483,true,2
49,484,false,1
49,485,true,1
49,486,true,1
49,487,false,1
49,488,true,2
49,489,false,2
49,490,true,1
49,491,true,2
49,492,true,1
49,493,false,2
49,494,true,2
49,495,false,1
49,496,true,1
49,497,true,1
49,498,true,1
49,499,true,2
49,500,true,1
49,501,false,1
49,502,false,1
49,503,true,1
49,504,false,1
49,505,true,2
49,506,true,1
49,507,true,1
49,508,true,1
49,509,true,2
49,510,true,1
49,511,true,1
49,512,true,2
49,513,true,2
49,514,false,1
49,515,false,1
49,516,true,2
49,517,true,2
49,518,false,1
49,519,true,2
49,520,true,1
49,521,true,1
49,522,true,1
49,523,true,2
49,524,true,1
49,525,true,1
49,526,false,1
49,527,true,2
49,528,true,1
49,529,true,2
49,530,true,1
49,531,true,2
49,532,true,1
49,533,true,1
49,534,true,2
49,535,true,1
49,536,true,2
49,537,true,1
49,538,true,2
49,539,false,1
49,540,false,2
49,541,false,1
49,542,true,2
49,543,true,1
49,544,true,1
49,545,true,1
49,546,true,1
49,547,true,1
49,548,true,1
49,549,true,1
49,550,false,1
49,551,true,2
49,552,true,2
49,553,true,1
49,554,true,1
49,555,false,1
49,556,true,1
49,557,true,1
49,558,true,2
49,559,true,2
49,560,false,1
49,561,false,1
49,562,true,2
49,563,true,1
49,564,true,1
49,565,true,2
49,566,false,1
49,567,true,1
49,568,true,1
49,569,true,1
49,570,true,2
49,571,true,1
49,572,true,2
49,573,true,2
49,574,true,2
49,575,true,1
49,576,true,1
49,577,true,2
49,578,true,1
49,579,true,2
49,580,true,1
49,581,true,2
49,582,true,2
49,583,true,1
49,584,true,1
49,585,false,1
49,586,false,1
49,587,false,1
49,588,true,2
49,589,true,2
49,590,true,1
49,591,true,1
49,592,true,1
49,593,true,2
49,594,true,2
49,595,true,2
49,596,true,2
49,597,false,1
49,598,true,1
49,599,true,2
49,600,false,1
49,601,true,2
49,602,true,2
49,603,true,2
49,604,true,1
49,605,true,2
49,606,true,2
49,607,true,2
49,608,true,2
49,609,true,2
49,610,true,2
49,611,true,1
49,612,true,1
49,613,true,1
49,614,true,1
49,615,true,2
49,616,false,1
49,617,true,1
49,618,true,2
49,619,false,1
49,620,true,1
49,621,true,2
49,622,false,2
49,623,false,2
49,624,true,1
49,625,true,1
49,626,true,1
49,627,false,1
49,628,true,1
49,629,true,1
49,630,true,1
49,631,true,2
49,632,false,1
49,633,true,2
49,634,true,2
49,635,true,1
49,636,true,2
49,637,true,1
49,638,true,1
49,639,true,2
49,640,true,2
49,641,true,2
49,642,true,2
49,643,false,1
49,644,true,1
49,645,true,1
49,646,true,2
49,647,true,1
49,648,true,1
49,649,true,2
49,650,true,2
49,651,true,2
49,652,true,2
49,653,true,1
49,654,true,2
49,655,true,1
49,656,true,1
49,657,true,1
49,658,true,2
49,659,false,1
49,660,true,1
49,661,true,1
49,662,true,1
49,663,false,2
49,664,false,1
49,665,true,2
49,666,false,1
49,667,true,1
49,668,true,2
49,669,true,1
49,670,false,1
49,671,true,2
49,672,true,1
49,673,true,1
49,674,true,2
49,675,true,2
49,676,true,2
49,677,true,2
49,678,true,1
49,679,true,2
49,680,true,1
49,681,true,2
49,682,true,1
49,683,true,2
49,684,true,2
49,685,true,1
49,686,true,1
49,687,true,1
49,688,true,2
49,689,true,2
49,690,true,2
49,691,true,1
49,692,true,2
49,693,true,2
49,694,true,1
49,695,true,2
49,696,true,1
49,697,true,1
49,698,true,1
49,699,true,2
49,700,true,1
50,1,true,2
50,2,true,1
50,3,true,1
50,4,true,2
50,5,true,1
50,6,false,1
50,7,true,2
50,8,true,2
50,9,true,2
50,10,false,1
50,11,false,1
50,12,true,2
50,13,true,1
50,14,false,1
50,15,true,1
50,16,false,2
50,17,true,1
50,18,true,1
50,19,true,1
50,20,false,1
50,21,true,1
50,22,true,1
50,23,false,2
50,24,false,1
50,25,true,1
50,26,true,1
50,27,true,1
50,28,false,2
50,29,true,2
50,30,false,2
50,31,false,1
50,32,false,2
50,33,true,2
50,34,false,1
50,35,false,1
50,36,true,1
50,37,true,1
50,38,true,1
50,39,true,2
50,40,true,1
50,41,false,1
50,42,true,1
50,43,true,1
50,44,true,2
50,45,true,1
50,46,false,2
50,47,false,2
50,48,true,2
50,49,true,2
50,50,true,2
50,51,false,2
50,52,true,1
50,53,false,1
50,54,false,1
50,55,false,1
50,56,true,2
50,57,true,1
50,58,true,1
50,59,true,1
50,60,true,1
50,61,false,1
50,62,true,2
50,63,false,1
50,64,true,1
50,65,true,1
50,66,false,1
50,67,true,1
50,68,true,2
50,69,false,1
50,70,true,1
50,71,true,1
50,72,true,2
50,73,false,1
50,74,true,1
50,75,true,1
50,76,true,2
50,77,true,1
50,78,true,1
50,79,true,1
50,80,true,1
50,81,false,1
50,82,false,2
50,83,true,1
50,84,true,2
50,85,false,1
50,86,true,1
50,87,true,1
50,88,true,1
50,89,true,2
50,90,true,1
50,91,true,2
50,92,true,1
50,93,false,1
50,94,true,2
50,95,true,1
50,96,false,1
50,97,false,1
50,98,false,1
50,99,true,1
50,100,true,1
50,101,true,2
50,102,true,2
50,103,false,2
50,104,true,1
50,105,false,1
50,106,true,2
50,107,false,2
50,108,true,1
50,109,true,1
50,110,true,1
50,111,true,1
50,112,true,1
50,113,true,1
50,114,true,2
50,115,true,1
50,116,true,1
50,117,true,1
50,118,true,2
50,119,false,1
50,120,true,2
50,121,true,1
50,122,true,2
50,123,true,1
50,124,true,1
50,125,true,2
50,126,true,2
50,127,true,2
50,128,false,1
50,129,false,1
50,130,true,1
50,131,true,1
50,132,true,1
50,133,false,1
50,134,true,2
50,135,true,2
50,136,true,2
50,137,false,1
50,138,true,1
50,139,false,1
50,140,true,1
50,141,true,2
50,142,false,2
50,143,true,2
50,144,false,1
50,145,true,1
50,146,true,2
50,147,true,1
50,148,true,1
50,149,true,1
50,150,true,2
50,151,true,1
50,152,false,1
50,153,true,1
50,154,true,1
50,155,true,2
50,156,true,1
50,157,true,1
50,158,true,1
50,159,true,1
50,160,true,2
50,161,true,1
50,162,true,2
50,163,false,1
50,164,true,1
50,165,true,1
50,166,true,1
50,167,false,1
50,168,true,2
50,169,true,2
50,170,true,2
50,171,true,1
50,172,false,1
50,173,false,1
50,174,true,1
50,175,false,1
50,176,true,1
50,177,true,2
50,178,false,1
50,179,true,2
50,180,false,1
50,181,false,1
50,182,true,2
50,183,true,1
50,184,true,1
50,185,false,1
50,186,true,1
50,187,true,1
50,188,false,2
50,189,true,1
50,190,false,1
50,191,true,1
50,192,true,1
50,193,true,1
50,194,true,1
50,195,true,1
50,196,true,1
50,197,true,1
50,198,true,1
50,199,true,1
50,200,false,1
50,201,true,1
50,202,true,2
50,203,true,1
50,204,false,1
50,205,true,2
50,206,false,1
50,207,true,2
50,208,false,1
50,209,true,1
50,210,true,2
50,211,true,1
50,212,true,2
50,213,true,1
50,214,false,1
50,215,true,1
50,216,true,1
50,217,true,2
50,218,true,2
50,219,true,2
50,220,true,2
50,221,true,1
50,222,true,1
50,223,false,1
50,224,false,1
50,225,false,1
50,226,true,1
50,227,true,2
50,228,true,2
50,229,true,1
50,230,true,1
50,231,true,1
50,232,true,1
50,233,true,1
50,234,false,1
50,235,true,1
50,236,false,1
50,237,true,2
50,238,true,2
50,239,true,1
50,240,true,1
50,241,true,1
50,242,true,1
50,243,true,2
50,244,false,1
50,245,true,1
50,246,false,1
50,247,true,2
50,248,true,2
50,249,true,2
50,250,true,1
50,251,true,2
50,252,false,1
50,253,true,2
50,254,true,1
50,255,false,1
50,256,true,1
50,257,true,2
50,258,true,1
50,259,true,1
50,260,true,2
50,261,true,1
50,262,true,1
50,263,true,2
50,264,true,2
50,265,false,2
50,266,true,2
50,267,true,1
50,268,false,1
50,269,true,1
50,270,true,1
50,271,true,2
50,272,true,1
50,273,true,1
50,274,true,2
50,275,true,1
50,276,true,1
50,277,true,2
50,278,true,1
50,279,true,2
50,280,false,1
50,281,true,1
50,282,true,1
50,283,false,1
50,284,true,2
50,285,true,2
50,286,true,1
50,287,true,1
50,288,true,1
50,289,true,1
50,290,true,1
50,291,true,1
50,292,true,1
50,293,true,2
50,294,true,2
50,295,true,2
50,296,true,2
50,297,true,2
50,298,true,1
50,299,false,1
50,300,true,2
50,301,true,1
50,302,true,2
50,303,true,1
50,304,false,1
50,305,false,1
50,306,true,1
50,307,true,2
50,308,true,1
50,309,true,2
50,310,true,1
50,311,true,1
50,312,true,2
50,313,true,1
50,314,true,1
50,315,true,2
50,316,true,1
50,317,true,1
50,318,true,2
50,319,true,1
50,320,true,1
50,321,true,2
50,322,true,2
50,323,true,2
50,324,true,1
50,325,true,2
50,326,true,2
50,327,true,1
50,328,true,2
50,329,true,1
50,330,true,1
50,331,true,1
50,332,true,2
50,333,true,2
50,334,true,1
50,335,true,2
50,336,true,2
50,337,false,1
50,338,true,1
50,339,true,1
50,340,true,1
50,341,true,2
50,342,true,1
50,343,true,2
50,344,true,1
50,345,true,1
50,346,true,1
50,347,true,1
50,348,true,2
50,349,true,2
50,350,true,1
50,351,true,1
50,352,true,2
50,353,true,1
50,354,true,1
50,355,true,1
50,356,true,2
50,357,false,1
50,358,true,1
50,359,true,1
50,360,true,1
50,361,true,1
50,362,true,2
50,363,true,2
50,364,true,2
50,365,true,1
50,366,true,2
50,367,true,1
50,368,true,2
50,369,true,2
50,370,false,1
50,371,true,2
50,372,true,1
50,373,true,2
50,374,true,1
50,375,true,1
50,376,false,1
50,377,true,1
50,378,true,1
50,379,true,2
50,380,true,1
50,381,true,2
50,382,true,1
50,383,false,1
50,384,true,1
50,385,true,2
50,386,false,1
50,387,true,2
50,388,true,2
50,389,false,1
50,390,false,1
50,391,true,2
50,392,true,1
50,393,true,1
50,394,true,1
50,395,true,2
50,396,true,1
50,397,true,1
50,398,true,1
50,399,true,1
50,400,true,1
50,401,true,1
50,402,true,1
50,403,true,1
50,404,true,2
50,405,false,1
50,406,true,1
50,407,true,2
50,408,true,1
50,409,true,1
50,410,true,1
50,411,true,1
50,412,true,2
50,413,true,2
50,414,true,1
50,415,true,2
50,416,true,2
50,417,true,1
50,418,true,1
50,419,true,1
50,420,true,1
50,421,false,1
50,422,true,1
50,423,true,1
50,424,true,1
50,425,true,1
50,426,false,1
50,427,true,1
50,428,true,1
50,429,true,1
50,430,false,1
50,431,true,1
50,432,true,2
50,433,true,2
50,434,true,1
50,435,true,1
50,436,true,2
50,437,true,1
50,438,true,1
50,439,false,2
50,440,true,1
50,441,true,1
50,442,false,1
50,443,false,1
50,444,true,2
50,445,true,2
50,446,true,1
50,447,false,1
50,448,true,1
50,449,false,1
50,450,true,2
50,451,true,2
50,452,true,1
50,453,true,1
50,454,true,2
50,455,true,1
50,456,true,1
50,457,false,1
50,458,true,1
50,459,false,1
50,460,true,1
50,461,true,1
50,462,true,2
50,463,true,2
50,464,true,2
50,465,true,2
50,466,true,2
50,467,true,1
50,468,true,2
50,469,false,1
50,470,true,2
50,471,true,2
50,472,false,1
50,473,false,2
50,474,true,1
50,475,false,1
50,476,true,1
50,477,true,2
50,478,true,1
50,479,false,2
50,480,true,2
50,481,true,2
50,482,true,2
50,483,true,2
50,484,true,2
50,485,true,1
50,486,true,1
50,487,false,1
50,488,false,1
50,489,true,1
50,490,true,1
50,491,true,2
50,492,true,1
50,493,true,1
50,494,false,1
50,495,true,2
50,496,true,1
50,497,true,1
50,498,false,2
50,499,false,1
50,500,true,1
50,501,false,1
50,502,false,1
50,503,true,1
50,504,true,2
50,505,false,1
50,506,true,1
50,507,true,1
50,508,true,1
50,509,false,1
50,510,true,1
50,511,true,1
50,512,true,2
50,513,true,2
50,514,false,1
50,515,true,2
50,516,true,2
50,517,true,2
50,518,true,2
50,519,false,1
50,520,false,2
50,521,true,1
50,522,true,1
50,523,true,2
50,524,true,1
50,525,false,2
50,526,false,1
50,527,true,2
50,528,true,1
50,529,true,2
50,530,true,1
50,531,true,2
50,532,true,1
50,533,true,1
50,534,true,2
50,535,true,1
50,536,false,1
50,537,true,1
50,538,true,2
50,539,true,2
50,540,true,1
50,541,true,2
50,542,false,1
50,543,true,1
50,544,true,1
50,545,true,1
50,546,true,1
50,547,true,1
50,548,true,1
50,549,true,1
50,550,true,2
50,551,true,2
50,552,true,2
50,553,true,1
50,554,true,1
50,555,true,2
50,556,true,1
50,557,true,1
50,558,false,1
50,559,false,1
50,560,false,1
50,561,false,1
50,562,true,2
50,563,true,1
50,564,true,1
50,565,true,2
50,566,false,1
50,567,true,1
50,568,true,1
50,569,true,1
50,570,true,2
50,571,true,1
50,572,true,2
50,573,true,2
50,574,true,2
50,575,true,1
50,576,true,1
50,577,true,2
50,578,true,1
50,579,false,1
50,580,true,1
50,581,true,2
50,582,true,2
50,583,true,1
50,584,true,1
50,585,false,1
50,586,true,2
50,587,true,2
50,588,true,2
50,589,true,2
50,590,true,1
50,591,true,1
50,592,true,1
50,593,true,2
50,594,true,2
50,595,true,2
50,596,true,2
50,597,true,2
50,598,true,1
50,599,true,2
50,600,false,1
50,601,true,2
50,602,true,2
50,603,true,2
50,604,true,1
50,605,true,2
50,606,true,2
50,607,true,2
50,608,true,2
50,609,false,1
50,610,true,2
50,611,true,1
50,612,true,1
50,613,false,2
50,614,true,1
50,615,true,2
50,616,true,2
50,617,true,1
50,618,true,2
50,619,false,1
50,620,true,1
50,621,true,2
50,622,true,1
50,623,true,1
50,624,true,1
50,625,false,2
50,626,true,1
50,627,true,2
50,628,true,1
50,629,true,1
50,630,true,1
50,631,false,1
50,632,false,1
50,633,true,2
50,634,true,2
50,635,true,1
50,636,false,1
50,637,true,1
50,638,true,1
50,639,true,2
50,640,true,2
50,641,true,2
50,642,true,2
50,643,true,2
50,644,true,1
50,645,true,1
50,646,true,2
50,647,false,2
50,648,true,1
50,649,true,2
50,650,true,2
50,651,true,2
50,652,true,2
50,653,true,1
50,654,false,1
50,655,true,1
50,656,true,1
50,657,true,1
50,658,true,2
50,659,true,2
50,660,true,1
50,661,true,1
50,662,true,1
50,663,true,1
50,664,false,1
50,665,true,2
50,666,true,2
50,667,true,1
50,668,true,2
50,669,true,1
50,670,true,2
50,671,false,1
50,672,true,1
50,673,true,1
50,674,false,1
50,675,true,2
50,676,true,2
50,677,true,2
50,678,true,1
50,679,true,2
50,680,true,1
50,681,false,1
50,682,true,1
50,683,true,2
50,684,true,2
50,685,true,1
50,686,true,1
50,687,true,1
50,688,true,2
50,689,true,2
50,690,true,2
50,691,true,1
50,692,true,2
50,693,true,2
50,694,true,1
50,695,true,2
50,696,true,1
50,697,true,1
50,698,true,1
50,699,true,2
50,700,true,1
51,1,false,1
51,2,false,2
51,3,true,1
51,4,false,1
51,5,true,1
51,6,false,1
51,7,true,2
51,8,true,2
51,9,true,2
51,10,false,1
51,11,true,2
51,12,true,2
51,13,false,2
51,14,false,1
51,15,false,2
51,16,true,1
51,17,false,2
51,18,true,1
51,19,false,2
51,20,true,2
51,21,false,2
51,22,false,2
51,23,false,2
51,24,false,1
51,25,true,1
51,26,false,2
51,27,true,1
51,28,true,1
51,29,false,1
51,30,false,2
51,31,true,2
51,32,true,1
51,33,true,2
51,34,true,2
51,35,true,2
51,36,true,1
51,37,false,2
51,38,false,2
51,39,true,2
51,40,true,1
51,41,false,1
51,42,false,2
51,43,true,1
51,44,false,1
51,45,false,2
51,46,true,1
51,47,false,2
51,48,false,1
51,49,false,1
51,50,false,1
51,51,false,2
51,52,true,1
51,53,true,2
51,54,false,1
51,55,false,1
51,56,false,1
51,57,true,1
51,58,true,1
51,59,true,1
51,60,true,1
51,61,true,2
51,62,true,2
51,63,true,2
51,64,false,2
51,65,false,2
51,66,false,1
51,67,true,1
51,68,false,1
51,69,false,1
51,70,true,1
51,71,true,1
51,72,false,1
51,73,false,1
51,74,true,1
51,75,false,2
51,76,false,1
51,77,true,1
51,78,true,1
51,79,true,1
51,80,true,1
51,81,false,1
51,82,true,1
51,83,true,1
51,84,false,1
51,85,false,1
51,86,true,1
51,87,true,1
51,88,true,1
51,89,false,1
51,90,true,1
51,91,false,1
51,92,true,1
51,93,true,2
51,94,true,2
51,95,true,1
51,96,true,2
51,97,true,2
51,98,true,2
51,99,false,2
51,100,true,1
51,101,true,2
51,102,false,1
51,103,true,1
51,104,true,1
51,105,true,2
51,106,true,2
51,107,true,1
51,108,true,1
51,109,true,1
51,110,true,1
51,111,true,1
51,112,true,1
51,113,true,1
51,114,false,1
51,115,true,1
51,116,true,1
51,117,true,1
51,118,true,2
51,119,false,1
51,120,true,2
51,121,true,1
51,122,true,2
51,123,true,1
51,124,true,1
51,125,true,2
51,126,false,1
51,127,true,2
51,128,true,2
51,129,true,2
51,130,true,1
51,131,true,1
51,132,true,1
51,133,false,1
51,134,true,2
51,135,true,2
51,136,true,2
51,137,true,2
51,138,true,1
51,139,true,2
51,140,true,1
51,141,true,2
51,142,true,1
51,143,true,2
51,144,true,2
51,145,true,1
51,146,true,2
51,147,true,1
51,148,true,1
51,149,true,1
51,150,true,2
51,151,true,1
51,152,true,2
51,153,true,1
51,154,true,1
51,155,true,2
51,156,true,1
51,157,true,1
51,158,true,1
51,159,true,1
51,160,true,2
51,161,true,1
51,162,false,1
51,163,true,2
51,164,true,1
51,165,true,1
51,166,true,1
51,167,false,1
51,168,false,1
51,169,true,2
51,170,true,2
51,171,true,1
51,172,true,2
51,173,true,2
51,174,true,1
51,175,false,1
51,176,true,1
51,177,false,1
51,178,true,2
51,179,false,1
51,180,true,2
51,181,true,2
51,182,false,1
51,183,true,1
51,184,true,1
51,185,true,2
51,186,true,1
51,187,true,1
51,188,true,1
51,189,true,1
51,190,true,2
51,191,true,1
51,192,true,1
51,193,true,1
51,194,true,1
51,195,true,1
51,196,true,1
51,197,true,1
51,198,true,1
51,199,true,1
51,200,true,2
51,201,true,1
51,202,true,2
51,203,true,1
51,204,true,2
51,205,false,1
51,206,true,2
51,207,true,2
51,208,true,2
51,209,true,1
51,210,true,2
51,211,true,1
51,212,true,2
51,213,true,1
51,214,true,2
51,215,true,1
51,216,true,1
51,217,true,2
51,218,true,2
51,219,true,2
51,220,true,2
51,221,true,1
51,222,true,1
51,223,true,2
51,224,true,2
51,225,true,2
51,226,true,1
51,227,true,2
51,228,true,2
51,229,true,1
51,230,true,1
51,231,true,1
51,232,true,1
51,233,true,1
51,234,true,2
51,235,true,1
51,236,true,2
51,237,true,2
51,238,true,2
51,239,true,1
51,240,true,1
51,241,true,1
51,242,true,1
51,243,true,2
51,244,false,1
51,245,true,1
51,246,true,2
51,247,true,2
51,248,true,2
51,249,false,1
51,250,true,1
51,251,true,2
51,252,true,2
51,253,true,2
51,254,true,1
51,255,true,2
51,256,true,1
51,257,true,2
51,258,true,1
51,259,true,1
51,260,true,2
51,261,true,1
51,262,true,1
51,263,true,2
51,264,true,2
51,265,true,1
51,266,false,1
51,267,true,1
51,268,true,2
51,269,true,1
51,270,true,1
51,271,true,2
51,272,true,1
51,273,true,1
51,274,true,2
51,275,true,1
51,276,true,1
51,277,false,1
51,278,true,1
51,279,true,2
51,280,true,2
51,281,true,1
51,282,true,1
51,283,true,2
51,284,false,1
51,285,true,2
51,286,true,1
51,287,true,1
51,288,true,1
51,289,true,1
51,290,true,1
51,291,true,1
51,292,true,1
51,293,true,2
51,294,true,2
51,295,true,2
51,296,true,2
51,297,true,2
51,298,true,1
51,299,true,2
51,300,true,2
51,301,true,1
51,302,true,2
51,303,true,1
51,304,true,2
51,305,true,2
51,306,true,1
51,307,false,1
51,308,true,1
51,309,true,2
51,310,true,1
51,311,true,1
51,312,true,2
51,313,true,1
51,314,true,1
51,315,true,2
51,316,true,1
51,317,true,1
51,318,true,2
51,319,true,1
51,320,true,1
51,321,true,2
51,322,true,2
51,323,true,2
51,324,true,1
51,325,true,2
51,326,true,2
51,327,true,1
51,328,true,2
51,329,true,1
51,330,true,1
51,331,true,1
51,332,true,2
51,333,true,2
51,334,true,1
51,335,true,2
51,336,true,2
51,337,true,2
51,338,true,1
51,339,true,1
51,340,true,1
51,341,true,2
51,342,true,1
51,343,true,2
51,344,true,1
51,345,true,1
51,346,true,1
51,347,true,1
51,348,true,2
51,349,true,2
51,350,true,1
51,351,true,1
51,352,true,2
51,353,true,1
51,354,true,1
51,355,true,1
51,356,true,2
51,357,true,2
51,358,true,1
51,359,true,1
51,360,true,1
51,361,true,1
51,362,true,2
51,363,true,2
51,364,false,1
51,365,true,1
51,366,true,2
51,367,true,1
51,368,true,2
51,369,true,2
51,370,true,2
51,371,true,2
51,372,true,1
51,373,true,2
51,374,true,1
51,375,true,1
51,376,true,2
51,377,true,1
51,378,true,1
51,379,true,2
51,380,true,1
51,381,true,2
51,382,true,1
51,383,false,1
51,384,true,1
51,385,true,2
51,386,true,2
51,387,true,2
51,388,true,2
51,389,true,2
51,390,false,1
51,391,true,2
51,392,true,1
51,393,true,1
51,394,true,1
51,395,true,2
51,396,true,1
51,397,true,1
51,398,true,1
51,399,true,1
51,400,true,1
51,401,true,1
51,402,true,1
51,403,true,1
51,404,true,2
51,405,true,2
51,406,true,1
51,407,true,2
51,408,true,1
51,409,true,1
51,410,true,1
51,411,true,1
51,412,true,2
51,413,true,2
51,414,true,1
51,415,true,2
51,416,true,2
51,417,true,1
51,418,true,1
51,419,true,1
51,420,true,1
51,421,true,2
51,422,true,1
51,423,true,1
51,424,true,1
51,425,true,1
51,426,false,1
51,427,true,1
51,428,true,1
51,429,true,1
51,430,true,2
51,431,true,1
51,432,true,2
51,433,false,1
51,434,true,1
51,435,true,1
51,436,true,2
51,437,true,1
51,438,true,1
51,439,false,2
51,440,true,1
51,441,true,1
51,442,false,1
51,443,true,2
51,444,true,2
51,445,false,1
51,446,true,1
51,447,true,2
51,448,true,1
51,449,true,2
51,450,true,2
51,451,true,2
51,452,true,1
51,453,true,1
51,454,true,2
51,455,true,1
51,456,true,1
51,457,true,2
51,458,true,1
51,459,true,2
51,460,true,1
51,461,true,1
51,462,true,2
51,463,true,2
51,464,true,2
51,465,true,2
51,466,true,2
51,467,true,1
51,468,true,2
51,469,true,2
51,470,true,2
51,471,false,1
51,472,true,2
51,473,true,1
51,474,true,1
51,475,false,1
51,476,true,1
51,477,true,2
51,478,true,1
51,479,false,2
51,480,true,2
51,481,true,2
51,482,true,2
51,483,true,2
51,484,true,2
51,485,true,1
51,486,true,1
51,487,true,2
51,488,true,2
51,489,true,1
51,490,true,1
51,491,true,2
51,492,true,1
51,493,true,1
51,494,true,2
51,495,true,2
51,496,true,1
51,497,true,1
51,498,true,1
51,499,false,1
51,500,true,1
51,501,true,2
51,502,true,2
51,503,true,1
51,504,true,2
51,505,true,2
51,506,true,1
51,507,true,1
51,508,true,1
51,509,true,2
51,510,true,1
51,511,true,1
51,512,true,2
51,513,true,2
51,514,true,2
51,515,true,2
51,516,true,2
51,517,true,2
51,518,true,2
51,519,true,2
51,520,true,1
51,521,true,1
51,522,true,1
51,523,true,2
51,524,true,1
51,525,true,1
51,526,true,2
51,527,true,2
51,528,true,1
51,529,true,2
51,530,true,1
51,531,true,2
51,532,true,1
51,533,true,1
51,534,true,2
51,535,true,1
51,536,true,2
51,537,true,1
51,538,true,2
51,539,true,2
51,540,true,1
51,541,true,2
51,542,true,2
51,543,true,1
51,544,true,1
51,545,true,1
51,546,true,1
51,547,true,1
51,548,true,1
51,549,true,1
51,550,true,2
51,551,true,2
51,552,true,2
51,553,true,1
51,554,true,1
51,555,true,2
51,556,true,1
51,557,true,1
51,558,true,2
51,559,true,2
51,560,true,2
51,561,true,2
51,562,true,2
51,563,true,1
51,564,true,1
51,565,true,2
51,566,false,1
51,567,true,1
51,568,true,1
51,569,true,1
51,570,true,2
51,571,true,1
51,572,true,2
51,573,true,2
51,574,true,2
51,575,true,1
51,576,true,1
51,577,true,2
51,578,true,1
51,579,true,2
51,580,true,1
51,581,true,2
51,582,true,2
51,583,true,1
51,584,true,1
51,585,true,2
51,586,true,2
51,587,true,2
51,588,true,2
51,589,true,2
51,590,true,1
51,591,true,1
51,592,true,1
51,593,true,2
51,594,true,2
51,595,true,2
51,596,true,2
51,597,true,2
51,598,true,1
51,599,true,2
51,600,true,2
51,601,true,2
51,602,true,2
51,603,true,2
51,604,true,1
51,605,true,2
51,606,true,2
51,607,true,2
51,608,true,2
51,609,true,2
51,610,true,2
51,611,true,1
51,612,true,1
51,613,false,2
51,614,true,1
51,615,true,2
51,616,false,1
51,617,true,1
51,618,true,2
51,619,false,1
51,620,true,1
51,621,true,2
51,622,true,1
51,623,true,1
51,624,true,1
51,625,true,1
51,626,true,1
51,627,true,2
51,628,true,1
51,629,true,1
51,630,true,1
51,631,true,2
51,632,true,2
51,633,true,2
51,634,true,2
51,635,true,1
51,636,true,2
51,637,true,1
51,638,true,1
51,639,true,2
51,640,false,1
51,641,true,2
51,642,true,2
51,643,true,2
51,644,true,1
51,645,true,1
51,646,true,2
51,647,true,1
51,648,true,1
51,649,true,2
51,650,true,2
51,651,true,2
51,652,true,2
51,653,true,1
51,654,true,2
51,655,true,1
51,656,true,1
51,657,true,1
51,658,true,2
51,659,true,2
51,660,true,1
51,661,true,1
51,662,true,1
51,663,true,1
51,664,true,2
51,665,true,2
51,666,false,1
51,667,true,1
51,668,true,2
51,669,true,1
51,670,true,2
51,671,true,2
51,672,true,1
51,673,true,1
51,674,true,2
51,675,true,2
51,676,true,2
51,677,true,2
51,678,true,1
51,679,true,2
51,680,true,1
51,681,true,2
51,682,true,1
51,683,true,2
51,684,true,2
51,685,true,1
51,686,true,1
51,687,true,1
51,688,true,2
51,689,true,2
51,690,true,2
51,691,true,1
51,692,true,2
51,693,true,2
51,694,true,1
51,695,true,2
51,696,true,1
51,697,true,1
51,698,true,1
51,699,true,2
51,700,true,1
